date,partner,imports,exports,total
2019-01,United States of America,23659871719,33392620110,57052491829
2019-01,China,6745728064,1835286298,8581014362
2019-01,Mexico,2795164663,662568343,3457733006
2019-01,United Kingdom,852820874,2035447969,2888268843
2019-01,Japan,1152296773,1004641727,2156938500
2019-01,Germany,1458205353,384851484,1843056837
2019-01,"Korea, South",703563957,493532834,1197096791
2019-01,France,652117373,244993915,897111288
2019-01,Italy,685574443,201191816,886766259
2019-01,India,407400980,417924062,825325042
2019-01,Belgium,417427671,321031137,738458808
2019-01,Netherlands,290303110,403047337,693350447
2019-01,Taiwan,552880867,139168841,692049708
2019-01,Viet Nam,521406614,94474495,615881109
2019-01,Brazil,466145329,132062878,598208207
2019-01,Switzerland,401608598,146826283,548434881
2019-01,Australia,261380984,144659493,406040477
2019-01,Spain,280283901,97013735,377297636
2019-01,Thailand,291640232,84276565,375916797
2019-01,Peru,224645921,70242691,294888612
2019-02,United States of America,24599370779,32239630924,56839001703
2019-02,China,5404352413,1775691219,7180043632
2019-02,Mexico,2684907157,524308469,3209215626
2019-02,Japan,1345435921,790664050,2136099971
2019-02,United Kingdom,683367540,1298428656,1981796196
2019-02,Germany,1380173848,401846886,1782020734
2019-02,"Korea, South",770917916,503774297,1274692213
2019-02,Italy,670796393,329033224,999829617
2019-02,France,750094194,211083884,961178078
2019-02,Belgium,430948334,363200107,794148441
2019-02,India,428731578,356843525,785575103
2019-02,Taiwan,438624271,178420937,617045208
2019-02,Brazil,442853396,149107354,591960750
2019-02,Netherlands,276173035,231885744,508058779
2019-02,Viet Nam,421535864,66127147,487663011
2019-02,Spain,226314971,214831350,441146321
2019-02,Switzerland,364992065,64051909,429043974
2019-02,Thailand,239063694,57151362,296215056
2019-02,Peru,253961435,36765660,290727095
2019-02,Australia,114461553,171641221,286102774
2019-03,United States of America,27843128663,38980640187,66823768850
2019-03,China,5906362154,2148093714,8054455868
2019-03,Mexico,3530599462,666674422,4197273884
2019-03,Japan,1618131772,1142826926,2760958698
2019-03,United Kingdom,830394284,1727959711,2558353995
2019-03,Germany,1703183928,582414809,2285598737
2019-03,"Korea, South",766498945,450691377,1217190322
2019-03,India,453123316,557133899,1010257215
2019-03,Italy,795226851,184600409,979827260
2019-03,France,664943699,306882177,971825876
2019-03,Netherlands,367234219,453485160,820719379
2019-03,Taiwan,522648432,184807825,707456257
2019-03,Viet Nam,601842755,78044914,679887669
2019-03,Belgium,392747860,287136434,679884294
2019-03,Brazil,377202605,237606060,614808665
2019-03,Switzerland,473262227,73008241,546270468
2019-03,Thailand,355011422,116043656,471055078
2019-03,Spain,306023667,114159830,420183497
2019-03,Australia,236981964,175941850,412923814
2019-03,Peru,246385717,64378149,310763866
2019-04,United States of America,26862286530,37780023381,64642309911
2019-04,China,5961878924,2031283255,7993162179
2019-04,Mexico,3223770116,578644203,3802414319
2019-04,United Kingdom,802147102,1743191487,2545338589
2019-04,Japan,1472899585,824701484,2297601069
2019-04,Germany,1756475698,413241201,2169716899
2019-04,"Korea, South",840075528,434054747,1274130275
2019-04,Italy,835910324,290234004,1126144328
2019-04,Netherlands,544723922,454032108,998756030
2019-04,France,715073983,277945998,993019981
2019-04,India,476619585,435016742,911636327
2019-04,Taiwan,534128410,164605945,698734355
2019-04,Viet Nam,524559078,110197832,634756910
2019-04,Belgium,348964502,261520837,610485339
2019-04,Brazil,423327722,150745530,574073252
2019-04,Switzerland,440556057,52811164,493367221
2019-04,Australia,243092102,173378064,416470166
2019-04,Spain,298920924,95589670,394510594
2019-04,Thailand,324873020,60764570,385637590
2019-04,Peru,251712191,50577652,302289843
2019-05,United States of America,28065192480,41505942342,69571134822
2019-05,China,6143780057,2194570962,8338351019
2019-05,Mexico,3352611021,665774591,4018385612
2019-05,Japan,1427562541,1238463292,2666025833
2019-05,Germany,1803028097,513066984,2316095081
2019-05,United Kingdom,859761269,1195035279,2054796548
2019-05,"Korea, South",887892703,594132721,1482025424
2019-05,France,915434217,309513703,1224947920
2019-05,Italy,847131755,288192965,1135324720
2019-05,India,524459577,522656814,1047116391
2019-05,Netherlands,433221530,591764993,1024986523
2019-05,Brazil,461838979,303990445,765829424
2019-05,Belgium,458294057,281471664,739765721
2019-05,Viet Nam,577283650,105960634,683244284
2019-05,Taiwan,499938282,154686722,654625004
2019-05,Switzerland,421340756,163749755,585090511
2019-05,Australia,230064818,232383109,462447927
2019-05,Thailand,314435400,93829166,408264566
2019-05,Spain,280261908,119106680,399368588
2019-05,Peru,278112238,67789422,345901660
2019-06,United States of America,25955424111,38743471272,64698895383
2019-06,China,6049771755,2099089047,8148860802
2019-06,Mexico,3377355641,604540898,3981896539
2019-06,Japan,1465964572,1070929033,2536893605
2019-06,United Kingdom,744352181,1417920512,2162272693
2019-06,Germany,1472783286,488073147,1960856433
2019-06,"Korea, South",949587708,509168798,1458756506
2019-06,France,821114233,319840728,1140954961
2019-06,Italy,776215822,246255860,1022471682
2019-06,Netherlands,382129216,489300601,871429817
2019-06,India,417681984,428234084,845916068
2019-06,Brazil,365382735,331982273,697365008
2019-06,Taiwan,498660318,158165404,656825722
2019-06,Viet Nam,526773472,129420984,656194456
2019-06,Belgium,331873891,223611332,555485223
2019-06,Spain,317365927,146051484,463417411
2019-06,Australia,174244418,261553877,435798295
2019-06,Switzerland,336048589,92066409,428114998
2019-06,Peru,307060516,94674701,401735217
2019-06,Thailand,317811180,65910094,383721274
2019-07,United States of America,23722384277,37012880532,60735264809
2019-07,China,6649506528,1643078499,8292585027
2019-07,Mexico,3049685678,636987791,3686673469
2019-07,Japan,1459320932,1041809541,2501130473
2019-07,Germany,1788381905,546553060,2334934965
2019-07,United Kingdom,635079871,1354298168,1989378039
2019-07,"Korea, South",924545802,388894757,1313440559
2019-07,Italy,919491731,384491810,1303983541
2019-07,France,784640800,312009695,1096650495
2019-07,Netherlands,455874629,467495608,923370237
2019-07,India,448621405,465239271,913860676
2019-07,Taiwan,531892447,239049768,770942215
2019-07,Brazil,477599545,267877364,745476909
2019-07,Viet Nam,667735111,45142606,712877717
2019-07,Switzerland,536674196,165937423,702611619
2019-07,Belgium,387773650,263294929,651068579
2019-07,Spain,370285107,73702645,443987752
2019-07,Thailand,324567296,82776004,407343300
2019-07,Peru,326669716,75288765,401958481
2019-07,Australia,188589151,182047612,370636763
2019-08,United States of America,26497048568,37712291062,64209339630
2019-08,China,6456887260,1879975795,8336863055
2019-08,Mexico,2976900615,651213548,3628114163
2019-08,Japan,1329227537,1104314672,2433542209
2019-08,Germany,1719330525,542283292,2261613817
2019-08,United Kingdom,696551927,1496763884,2193315811
2019-08,"Korea, South",807281699,420805737,1228087436
2019-08,Italy,881316967,191302736,1072619703
2019-08,France,718228911,306814137,1025043048
2019-08,Netherlands,375946962,556895864,932842826
2019-08,India,403765139,401508139,805273278
2019-08,Belgium,461859059,269359689,731218748
2019-08,Viet Nam,629455343,46860176,676315519
2019-08,Taiwan,499140892,156136371,655277263
2019-08,Brazil,480846330,159886834,640733164
2019-08,Switzerland,463961483,160255332,624216815
2019-08,Peru,357972219,55049338,413021557
2019-08,Thailand,303376067,92154476,395530543
2019-08,Spain,282291399,111452037,393743436
2019-08,Australia,208481511,176439620,384921131
2019-09,United States of America,25187505575,37467926733,62655432308
2019-09,China,6722099860,1927427274,8649527134
2019-09,Mexico,3017042316,601817394,3618859710
2019-09,United Kingdom,763121408,1801076154,2564197562
2019-09,Japan,1286440223,1076149694,2362589917
2019-09,Germany,1520259630,578821646,2099081276
2019-09,"Korea, South",792035511,457626934,1249662445
2019-09,France,634964339,287910740,922875079
2019-09,Italy,634338815,235650029,869988844
2019-09,Netherlands,407451383,354056686,761508069
2019-09,India,408626563,298702429,707328992
2019-09,Viet Nam,583294117,81283216,664577333
2019-09,Brazil,505823412,137939081,643762493
2019-09,Taiwan,455924520,159364769,615289289
2019-09,Switzerland,397442647,111258438,508701085
2019-09,Spain,296073447,118861967,414935414
2019-09,Belgium,217106031,196238190,413344221
2019-09,Thailand,303402690,68472935,371875625
2019-09,Peru,310057054,43172217,353229271
2019-09,Australia,132288833,175491142,307779975
2019-10,United States of America,26043468648,39044346378,65087815026
2019-10,China,6749001488,1697135316,8446136804
2019-10,Mexico,3173350175,570195293,3743545468
2019-10,United Kingdom,790577074,1839677983,2630255057
2019-10,Japan,1355359954,1024479156,2379839110
2019-10,Germany,1691902020,565168535,2257070555
2019-10,"Korea, South",706577047,507493707,1214070754
2019-10,France,833979941,272511807,1106491748
2019-10,Italy,849484082,247969868,1097453950
2019-10,India,468758471,345188119,813946590
2019-10,Netherlands,452161078,342432678,794593756
2019-10,Viet Nam,671388027,56785974,728174001
2019-10,Belgium,484599572,212827139,697426711
2019-10,Taiwan,503212589,155216085,658428674
2019-10,Brazil,483367798,138413244,621781042
2019-10,Switzerland,412682254,123625466,536307720
2019-10,Peru,373035528,101184974,474220502
2019-10,Australia,206724146,185130674,391854820
2019-10,Spain,295905830,92628841,388534671
2019-10,Thailand,336672916,47485371,384158287
2019-11,United States of America,23967099138,35294976703,59262075841
2019-11,China,6293057487,1737974858,8031032345
2019-11,Mexico,2956524507,617532394,3574056901
2019-11,United Kingdom,748561885,2227943247,2976505132
2019-11,Japan,1324450195,1101048232,2425498427
2019-11,Germany,1461846615,637207194,2099053809
2019-11,"Korea, South",757446530,384816507,1142263037
2019-11,France,718770821,416650639,1135421460
2019-11,Italy,809677870,245607781,1055285651
2019-11,India,436707909,388526241,825234150
2019-11,Viet Nam,696774328,87104914,783879242
2019-11,Netherlands,353428504,367937667,721366171
2019-11,Belgium,432608074,272421059,705029133
2019-11,Brazil,502526880,145128667,647655547
2019-11,Taiwan,469816065,127946552,597762617
2019-11,Switzerland,397541994,124177561,521719555
2019-11,Spain,286272143,159724855,445996998
2019-11,Peru,375155357,40243630,415398987
2019-11,Thailand,310666969,54497010,365163979
2019-11,Australia,182031719,177241337,359273056
2019-12,United States of America,22863793589,36903546528,59767340117
2019-12,China,5940236154,2314818014,8255054168
2019-12,Mexico,2853776272,542345675,3396121947
2019-12,United Kingdom,820263474,1664167394,2484430868
2019-12,Japan,1242090085,1195693420,2437783505
2019-12,Germany,1575093058,640869032,2215962090
2019-12,Italy,770075657,396312613,1166388270
2019-12,"Korea, South",599438899,405843930,1005282829
2019-12,France,603974280,368848528,972822808
2019-12,Belgium,605864605,266669460,872534065
2019-12,Netherlands,326781735,470367482,797149217
2019-12,Taiwan,451208634,221913251,673121885
2019-12,Viet Nam,567058796,92344957,659403753
2019-12,India,407674243,224108470,631782713
2019-12,Brazil,425446404,100371026,525817430
2019-12,Switzerland,355327048,154263962,509591010
2019-12,Spain,267935837,160731618,428667455
2019-12,Thailand,320815025,58358946,379173971
2019-12,Australia,155619442,209031395,364650837
2019-12,Peru,285473823,69085932,354559755
2020-01,United States of America,23453598715,35104128773,58557727488
2020-01,China,5584546249,1658851586,7243397835
2020-01,Mexico,2583528714,573975504,3157504218
2020-01,United Kingdom,611844852,1909222795,2521067647
2020-01,Japan,1207144489,1012311797,2219456286
2020-01,Germany,1429748862,466968705,1896717567
2020-01,Italy,772713231,206440014,979153245
2020-01,"Korea, South",655445698,319700508,975146206
2020-01,France,427392063,339335261,766727324
2020-01,Brazil,534081638,153329938,687411576
2020-01,India,411607314,264057440,675664754
2020-01,Viet Nam,597036444,69471920,666508364
2020-01,Netherlands,253550766,398194855,651745621
2020-01,Taiwan,502722562,116657922,619380484
2020-01,Switzerland,424664491,133042934,557707425
2020-01,Belgium,223614408,195765314,419379722
2020-01,Peru,353547352,48618378,402165730
2020-01,Australia,214584676,136139672,350724348
2020-01,Spain,271276916,78943914,350220830
2020-01,Thailand,269733986,58932846,328666832
2020-02,United States of America,24673898531,34066677819,58740576350
2020-02,China,4465467798,1478850565,5944318363
2020-02,Mexico,2808645764,513733753,3322379517
2020-02,United Kingdom,691751602,1500790059,2192541661
2020-02,Japan,1337350133,854154637,2191504770
2020-02,Germany,1396254575,533299074,1929553649
2020-02,Italy,709454672,338624705,1048079377
2020-02,"Korea, South",597655402,439623914,1037279316
2020-02,France,625225926,307339720,932565646
2020-02,India,398626133,394546591,793172724
2020-02,Switzerland,481179368,187366629,668545997
2020-02,Viet Nam,529160939,44440817,573601756
2020-02,Brazil,420105096,151620760,571725856
2020-02,Netherlands,169763120,369551053,539314173
2020-02,Taiwan,405512302,104873932,510386234
2020-02,Belgium,225839540,248144925,473984465
2020-02,Australia,133453023,240891683,374344706
2020-02,Spain,195187152,146013059,341200211
2020-02,Thailand,232406785,46025059,278431844
2020-02,Peru,227661826,47672790,275334616
2020-03,United States of America,26191944007,36714154165,62906098172
2020-03,China,4525275067,1880229861,6405504928
2020-03,Mexico,2912391068,585256445,3497647513
2020-03,Japan,1523532264,1198729292,2722261556
2020-03,Germany,1666779833,779657298,2446437131
2020-03,United Kingdom,805756611,1135959972,1941716583
2020-03,Italy,841087085,366239781,1207326866
2020-03,"Korea, South",774387961,373689328,1148077289
2020-03,France,607537075,346197924,953734999
2020-03,India,488070489,461642350,949712839
2020-03,Viet Nam,675842525,66859303,742701828
2020-03,Taiwan,520030745,171138866,691169611
2020-03,Switzerland,576267778,97642770,673910548
2020-03,Brazil,459243152,190889097,650132249
2020-03,Netherlands,294568085,347077328,641645413
2020-03,Belgium,333445212,219746453,553191665
2020-03,Thailand,391880387,84976565,476856952
2020-03,Spain,308211978,58798364,367010342
2020-03,Australia,146493636,204652832,351146468
2020-03,Peru,177617487,71767667,249385154
2020-04,United States of America,16068313162,22613529472,38681842634
2020-04,China,5548360542,2000361715,7548722257
2020-04,Japan,943654779,1057557939,2001212718
2020-04,Mexico,1538233296,298247765,1836481061
2020-04,Germany,1337758697,409518828,1747277525
2020-04,United Kingdom,586057709,1153934555,1739992264
2020-04,"Korea, South",645462665,400984115,1046446780
2020-04,Italy,574281257,299224570,873505827
2020-04,Brazil,657636422,208321256,865957678
2020-04,Netherlands,251613285,409950346,661563631
2020-04,France,440169922,189366459,629536381
2020-04,India,404479701,197271249,601750950
2020-04,Viet Nam,512709310,73720202,586429512
2020-04,Taiwan,421746281,137686556,559432837
2020-04,Belgium,281954364,246948469,528902833
2020-04,Switzerland,421553592,27256246,448809838
2020-04,Peru,306865544,73452727,380318271
2020-04,Australia,171806627,164405799,336212426
2020-04,Spain,273606811,62356369,335963180
2020-04,Thailand,248912667,71955598,320868265
2020-05,United States of America,15745637439,23341206182,39086843621
2020-05,China,6155275397,2485814012,8641089409
2020-05,United Kingdom,785594625,1042844818,1828439443
2020-05,Japan,636078500,1156316104,1792394604
2020-05,Mexico,1358628583,327743687,1686372270
2020-05,Germany,1107169796,359355449,1466525245
2020-05,Italy,575453004,295648449,871101453
2020-05,"Korea, South",400930954,448678431,849609385
2020-05,France,438604474,370380453,808984927
2020-05,Brazil,556121327,202356331,758477658
2020-05,Belgium,536089119,213520389,749609508
2020-05,Netherlands,211909302,388166923,600076225
2020-05,Taiwan,406642284,193100395,599742679
2020-05,Viet Nam,431733435,61281602,493015037
2020-05,Switzerland,430138638,55275095,485413733
2020-05,India,256554871,223262926,479817797
2020-05,Australia,223497967,189720792,413218759
2020-05,Thailand,264999416,62770767,327770183
2020-05,Spain,226703779,92344435,319048214
2020-05,Peru,121730081,139772812,261502893
2020-06,United States of America,21142448473,29445974932,50588423405
2020-06,China,6549898630,2469364678,9019263308
2020-06,Mexico,2328818491,488646898,2817465389
2020-06,United Kingdom,612288787,1877664067,2489952854
2020-06,Germany,1405382721,505911137,1911293858
2020-06,Japan,719469514,916088669,1635558183
2020-06,Belgium,984060552,193857971,1177918523
2020-06,"Korea, South",719406902,411502094,1130908996
2020-06,Italy,703569162,215546975,919116137
2020-06,Brazil,420612463,299785083,720397546
2020-06,Netherlands,276420470,424992479,701412949
2020-06,France,432261687,242694379,674956066
2020-06,India,314305278,352717031,667022309
2020-06,Viet Nam,559323512,72305209,631628721
2020-06,Taiwan,474095124,136743810,610838934
2020-06,Switzerland,417144804,158331025,575475829
2020-06,Australia,269936764,169249162,439185926
2020-06,Peru,318355829,53590210,371946039
2020-06,Thailand,276084652,87417383,363502035
2020-06,Spain,219419731,125650391,345070122
2020-07,United States of America,22253544859,31916335748,54169880607
2020-07,China,7185768395,2050264670,9236033065
2020-07,Mexico,2560416650,497511475,3057928125
2020-07,United Kingdom,575566406,1528088714,2103655120
2020-07,Japan,984104595,1063273401,2047377996
2020-07,Germany,1427132693,485157777,1912290470
2020-07,"Korea, South",1499114462,356505519,1855619981
2020-07,Italy,737768742,404551289,1142320031
2020-07,France,775724827,229672282,1005397109
2020-07,Viet Nam,685670685,60152301,745822986
2020-07,Brazil,571839947,167338093,739178040
2020-07,Netherlands,292340322,403086140,695426462
2020-07,Switzerland,489912867,193658728,683571595
2020-07,India,391311235,288902397,680213632
2020-07,Belgium,401217374,193303529,594520903
2020-07,Taiwan,464737809,113742429,578480238
2020-07,Australia,220435884,194609698,415045582
2020-07,Peru,329952720,79264997,409217717
2020-07,Thailand,284087850,54359810,338447660
2020-07,Spain,218410773,112655347,331066120
2020-08,United States of America,23581968237,33320135338,56902103575
2020-08,China,7049051535,2025983536,9075035071
2020-08,Mexico,2543730041,483673271,3027403312
2020-08,Germany,1356543065,538540328,1895083393
2020-08,Japan,987102894,883767328,1870870222
2020-08,United Kingdom,582914512,1211493049,1794407561
2020-08,"Korea, South",791143916,338651924,1129795840
2020-08,Italy,691112593,252467552,943580145
2020-08,Viet Nam,880550267,50830532,931380799
2020-08,Brazil,681099865,159629504,840729369
2020-08,France,499422709,327933120,827355829
2020-08,India,384309846,331016592,715326438
2020-08,Switzerland,586660401,121369280,708029681
2020-08,Netherlands,231712265,447517949,679230214
2020-08,Taiwan,431925581,130782887,562708468
2020-08,Peru,368102661,103542477,471645138
2020-08,Belgium,274734667,179135259,453869926
2020-08,Thailand,277447780,92853893,370301673
2020-08,Australia,138039438,170225959,308265397
2020-08,Spain,219057727,67784598,286842325
2020-09,United States of America,24162099894,34632899953,58794999847
2020-09,China,6778684711,2229027509,9007712220
2020-09,Mexico,2571465024,596979315,3168444339
2020-09,Japan,1317097302,1030591431,2347688733
2020-09,Germany,1572210124,699516365,2271726489
2020-09,United Kingdom,616904669,1618461575,2235366244
2020-09,"Korea, South",893326576,384235434,1277562010
2020-09,Italy,845516432,310291081,1155807513
2020-09,France,548637637,403033083,951670720
2020-09,India,476527289,326789656,803316945
2020-09,Netherlands,315579442,472091645,787671087
2020-09,Viet Nam,739335945,43099412,782435357
2020-09,Switzerland,528623140,164425897,693049037
2020-09,Taiwan,474004856,138168601,612173457
2020-09,Brazil,453240322,138017420,591257742
2020-09,Belgium,335762535,205239098,541001633
2020-09,Spain,342499433,120665498,463164931
2020-09,Australia,224062197,154762836,378825033
2020-09,Thailand,294517102,69569131,364086233
2020-09,Peru,278968459,54426847,333395306
2020-10,United States of America,23599176363,35005861745,58605038108
2020-10,China,8144707517,2251612232,10396319749
2020-10,Mexico,2881593960,588872016,3470465976
2020-10,United Kingdom,724485257,1846739057,2571224314
2020-10,Japan,1352631583,1044205730,2396837313
2020-10,Germany,1598835260,561330515,2160165775
2020-10,"Korea, South",898452609,355440559,1253893168
2020-10,Italy,823332135,290561610,1113893745
2020-10,Viet Nam,1014510246,55663132,1070173378
2020-10,France,597594822,309319058,906913880
2020-10,Netherlands,296108123,601017853,897125976
2020-10,India,535670664,307692429,843363093
2020-10,Brazil,614509654,137157500,751667154
2020-10,Switzerland,505029364,177570797,682600161
2020-10,Taiwan,520301393,145908090,666209483
2020-10,Belgium,293930648,254809664,548740312
2020-10,Peru,463012111,62412192,525424303
2020-10,Spain,268326410,149608311,417934721
2020-10,Thailand,321617523,47393117,369010640
2020-10,Australia,190274572,171332843,361607415
2020-11,United States of America,22326811876,33132891563,55459703439
2020-11,China,7711199766,2129031338,9840231104
2020-11,Mexico,2957402961,656043847,3613446808
2020-11,United Kingdom,576160577,2733358877,3309519454
2020-11,Japan,1281430643,1142439599,2423870242
2020-11,Germany,1435079314,598208565,2033287879
2020-11,Italy,919358066,398776052,1318134118
2020-11,"Korea, South",914145154,372157320,1286302474
2020-11,France,596005959,345179839,941185798
2020-11,Viet Nam,854964632,79075131,934039763
2020-11,Netherlands,321389394,569525110,890914504
2020-11,India,489719188,351715782,841434970
2020-11,Brazil,593797911,161150330,754948241
2020-11,Switzerland,622845367,126131836,748977203
2020-11,Taiwan,508113658,160089551,668203209
2020-11,Spain,271302340,181125807,452428147
2020-11,Belgium,219436188,229633390,449069578
2020-11,Thailand,346478846,76015792,422494638
2020-11,Peru,295302334,90202556,385504890
2020-11,Australia,202216655,179687439,381904094
2020-12,United States of America,22338802294,33588048672,55926850966
2020-12,China,6925130503,2636090449,9561220952
2020-12,Mexico,2911237089,544403703,3455640792
2020-12,United Kingdom,675383520,2365280572,3040664092
2020-12,Japan,1248515702,1039243004,2287758706
2020-12,Germany,1535508880,441852295,1977361175
2020-12,"Korea, South",812105428,508995902,1321101330
2020-12,Italy,815032329,315500854,1130533183
2020-12,Netherlands,304748314,614459606,919207920
2020-12,France,491318562,306260813,797579375
2020-12,Switzerland,431455431,363671495,795126926
2020-12,Brazil,615980171,176507464,792487635
2020-12,Viet Nam,689184178,60793459,749977637
2020-12,Taiwan,500317759,236216369,736534128
2020-12,India,419905609,212916957,632822566
2020-12,Belgium,266329111,355713846,622042957
2020-12,Peru,423407123,91928652,515335775
2020-12,Spain,278286365,219817833,498104198
2020-12,Australia,225435905,164455256,389891161
2020-12,Thailand,326387751,54319483,380707234
2021-01,United States of America,20817633782,34302109582,55119743364
2021-01,China,6476531320,2190436290,8666967610
2021-01,Mexico,2576206948,682811475,3259018423
2021-01,United Kingdom,465362230,2050656799,2516019029
2021-01,Japan,1038849229,1026144103,2064993332
2021-01,Germany,1314017153,530389727,1844406880
2021-01,"Korea, South",780916236,396264848,1177181084
2021-01,Italy,759468404,231583849,991052253
2021-01,Viet Nam,763446435,47241307,810687742
2021-01,Switzerland,458044151,286725604,744769755
2021-01,Brazil,607918213,133089365,741007578
2021-01,Netherlands,212117367,497393865,709511232
2021-01,Taiwan,472592835,208830710,681423545
2021-01,France,413426203,231864420,645290623
2021-01,India,453945378,149339320,603284698
2021-01,Belgium,313657233,178326727,491983960
2021-01,Peru,375986786,46906113,422892899
2021-01,Spain,266552224,117385321,383937545
2021-01,Thailand,269079070,64898902,333977972
2021-01,Australia,164945569,135306184,300251753
2021-02,United States of America,22221935061,34487502097,56709437158
2021-02,China,5617260810,1897724147,7514984957
2021-02,Mexico,2451575481,567090154,3018665635
2021-02,United Kingdom,678192642,1639615914,2317808556
2021-02,Japan,1186447007,1084444875,2270891882
2021-02,Germany,1296818014,482441702,1779259716
2021-02,"Korea, South",691229596,359768047,1050997643
2021-02,Italy,699812929,201426978,901239907
2021-02,France,539205908,283178284,822384192
2021-02,Viet Nam,679887074,55048826,734935900
2021-02,Switzerland,402563891,258751691,661315582
2021-02,Taiwan,476495406,164881231,641376637
2021-02,Brazil,489963425,127418133,617381558
2021-02,Belgium,293590999,276204145,569795144
2021-02,India,376808946,174230088,551039034
2021-02,Netherlands,189635510,228310864,417946374
2021-02,Peru,295709869,94390784,390100653
2021-02,Spain,233949411,129859195,363808606
2021-02,Thailand,262256570,78672556,340929126
2021-02,Australia,114199799,132353398,246553197
2021-03,United States of America,27469536578,39676337339,67145873917
2021-03,China,7271710566,2711337154,9983047720
2021-03,Mexico,3056199915,816701169,3872901084
2021-03,Japan,1515177009,1088000310,2603177319
2021-03,Germany,1827324531,583721122,2411045653
2021-03,United Kingdom,749826084,1470276305,2220102389
2021-03,"Korea, South",969774900,647306025,1617080925
2021-03,Italy,811598837,251877191,1063476028
2021-03,France,700583528,316518100,1017101628
2021-03,Taiwan,579257283,288363872,867621155
2021-03,Netherlands,372464415,479666984,852131399
2021-03,Viet Nam,784487907,56994774,841482681
2021-03,India,500632459,204947574,705580033
2021-03,Spain,500801715,193080536,693882251
2021-03,Brazil,505076307,156099846,661176153
2021-03,Belgium,358055221,273757887,631813108
2021-03,Switzerland,420344705,184831126,605175831
2021-03,Australia,298494580,260386877,558881457
2021-03,Peru,344766866,130915831,475682697
2021-03,Thailand,326157684,89314254,415471938
2021-04,United States of America,24347688346,36347877145,60695565491
2021-04,China,6524216471,2330687997,8854904468
2021-04,Mexico,2664009965,636111012,3300120977
2021-04,Japan,1270366772,1102229044,2372595816
2021-04,Germany,1629422854,519109089,2148531943
2021-04,United Kingdom,662308157,1336200374,1998508531
2021-04,"Korea, South",908416644,516034483,1424451127
2021-04,Belgium,760694424,324336955,1085031379
2021-04,Italy,828090106,174857494,1002947600
2021-04,Taiwan,689159284,188719150,877878434
2021-04,Viet Nam,747164602,67413951,814578553
2021-04,France,514093443,271834923,785928366
2021-04,Switzerland,493495847,277106387,770602234
2021-04,India,507866601,224523851,732390452
2021-04,Brazil,585903222,142652508,728555730
2021-04,Netherlands,302837946,412126810,714964756
2021-04,Spain,356140419,248940965,605081384
2021-04,Australia,247950485,206870723,454821208
2021-04,Thailand,354894021,66791244,421685265
2021-04,Peru,320642653,67001009,387643662
2021-05,United States of America,23901552197,37075057486,60976609683
2021-05,China,6701310566,2615091309,9316401875
2021-05,Mexico,2938415497,696552215,3634967712
2021-05,Japan,1442417921,1152911319,2595329240
2021-05,Germany,1700987261,559664287,2260651548
2021-05,United Kingdom,709494474,1095409548,1804904022
2021-05,"Korea, South",928132427,571781770,1499914197
2021-05,Italy,995458468,240222935,1235681403
2021-05,Taiwan,728464599,322629325,1051093924
2021-05,Viet Nam,810625256,66899934,877525190
2021-05,Brazil,607155582,228082499,835238081
2021-05,France,547547323,205605955,753153278
2021-05,Belgium,308518009,420474962,728992971
2021-05,India,512213543,214901076,727114619
2021-05,Switzerland,422869948,292138017,715007965
2021-05,Spain,393386431,166477290,559863721
2021-05,Netherlands,281595425,265593013,547188438
2021-05,Thailand,368081161,75580979,443662140
2021-05,Australia,195248198,185729982,380978180
2021-05,Peru,268066081,69676654,337742735
2021-06,United States of America,25446837548,41509686363,66956523911
2021-06,China,6578184862,2720919956,9299104818
2021-06,Mexico,2847805999,713740977,3561546976
2021-06,Japan,1538378032,1290119623,2828497655
2021-06,Germany,1640281002,642332376,2282613378
2021-06,United Kingdom,726452909,1193252491,1919705400
2021-06,"Korea, South",830943113,536500590,1367443703
2021-06,France,859827586,336238130,1196065716
2021-06,Italy,907586852,207702136,1115288988
2021-06,Netherlands,471156414,523681337,994837751
2021-06,Viet Nam,778970770,64806890,843777660
2021-06,Brazil,562099026,227647007,789746033
2021-06,Taiwan,598807946,161145407,759953353
2021-06,Switzerland,457925217,258716667,716641884
2021-06,Belgium,463722925,240346598,704069523
2021-06,India,453792179,245699734,699491913
2021-06,Spain,349290018,222358731,571648749
2021-06,Thailand,336872112,98330713,435202825
2021-06,Peru,300202303,122629529,422831832
2021-06,Australia,199218707,177081769,376300476
2021-07,United States of America,25456677629,39513983246,64970660875
2021-07,China,6569250157,1925076082,8494326239
2021-07,Mexico,2553403199,773687043,3327090242
2021-07,Japan,1320440125,1393905591,2714345716
2021-07,United Kingdom,735149008,1561432296,2296581304
2021-07,Germany,1646537680,520756755,2167294435
2021-07,"Korea, South",842972363,473983514,1316955877
2021-07,Italy,929918789,158074606,1087993395
2021-07,France,591091614,433467284,1024558898
2021-07,Brazil,642818151,193286071,836104222
2021-07,Belgium,466898551,354439476,821338027
2021-07,India,499570573,306204805,805775378
2021-07,Viet Nam,763717937,41887533,805605470
2021-07,Netherlands,355040529,416442651,771483180
2021-07,Switzerland,496895522,236522188,733417710
2021-07,Taiwan,582582459,133365503,715947962
2021-07,Spain,334987257,148129811,483117068
2021-07,Thailand,354650662,52101195,406751857
2021-07,Peru,290270464,115395912,405666376
2021-07,Australia,195841000,157622290,353463290
2021-08,United States of America,25564102947,41300309224,66864412171
2021-08,China,7626137508,2125312463,9751449971
2021-08,Mexico,2850526182,566394405,3416920587
2021-08,Japan,1085526336,1364342550,2449868886
2021-08,Germany,1500674067,717111847,2217785914
2021-08,United Kingdom,632620435,999745173,1632365608
2021-08,"Korea, South",892863646,614691923,1507555569
2021-08,Viet Nam,1060095423,51661047,1111756470
2021-08,Italy,872182024,171779801,1043961825
2021-08,France,518488352,381440226,899928578
2021-08,Taiwan,684020768,213305605,897326373
2021-08,Belgium,432947590,369935605,802883195
2021-08,Brazil,568055744,230179273,798235017
2021-08,India,517776626,261154093,778930719
2021-08,Netherlands,397688213,380485388,778173601
2021-08,Switzerland,446266613,309464475,755731088
2021-08,Spain,233129688,250972950,484102638
2021-08,Thailand,352640125,91693445,444333570
2021-08,Peru,290540489,131129390,421669879
2021-08,Australia,149517928,186703974,336221902
2021-09,United States of America,24146957531,40093614852,64240572383
2021-09,China,8196256274,2236414931,10432671205
2021-09,Mexico,2642277628,611441196,3253718824
2021-09,Japan,1326622806,1317002131,2643624937
2021-09,Germany,1462340402,766968350,2229308752
2021-09,United Kingdom,662121240,1440349382,2102470622
2021-09,"Korea, South",921839641,490007030,1411846671
2021-09,Italy,941664469,275070298,1216734767
2021-09,Viet Nam,928496995,65505208,994002203
2021-09,Taiwan,785165574,202275874,987441448
2021-09,France,593769682,349039506,942809188
2021-09,India,499131680,345291089,844422769
2021-09,Belgium,450336463,340739751,791076214
2021-09,Brazil,558258176,182584389,740842565
2021-09,Netherlands,360328187,285983185,646311372
2021-09,Switzerland,416886862,195289763,612176625
2021-09,Peru,307220731,100705588,407926319
2021-09,Thailand,349426034,43391308,392817342
2021-09,Spain,246716421,136446242,383162663
2021-09,Australia,124163105,194749965,318913070
2021-10,United States of America,26178557335,41526963106,67705520441
2021-10,China,8548897495,2810845636,11359743131
2021-10,Mexico,3043965345,733517749,3777483094
2021-10,Japan,1088185064,1291043635,2379228699
2021-10,Germany,1539969775,519976640,2059946415
2021-10,United Kingdom,629899186,1110026453,1739925639
2021-10,"Korea, South",749827302,627768308,1377595610
2021-10,Italy,880337233,259424735,1139761968
2021-10,Brazil,781067324,226390537,1007457861
2021-10,Taiwan,710690714,255538026,966228740
2021-10,France,593360825,310391112,903751937
2021-10,Netherlands,376354561,503956011,880310572
2021-10,India,573165931,288776964,861942895
2021-10,Viet Nam,817642110,39175501,856817611
2021-10,Belgium,364623409,391766338,756389747
2021-10,Switzerland,475018230,203497348,678515578
2021-10,Spain,317508858,229115131,546623989
2021-10,Peru,429558266,48493761,478052027
2021-10,Australia,218031541,231056100,449087641
2021-10,Thailand,386819749,53557613,440377362
2021-11,United States of America,27258887530,45516636385,72775523915
2021-11,China,7884023758,2326018083,10210041841
2021-11,Mexico,3008165254,727981588,3736146842
2021-11,Japan,1351976333,1244462337,2596438670
2021-11,Germany,1648863093,572407924,2221271017
2021-11,United Kingdom,653477406,1352355027,2005832433
2021-11,"Korea, South",909717342,750437566,1660154908
2021-11,Italy,933429895,258143935,1191573830
2021-11,France,618351662,362965614,981317276
2021-11,Brazil,752563699,171315857,923879556
2021-11,Switzerland,564289024,272715177,837004201
2021-11,Viet Nam,777525093,51223243,828748336
2021-11,Taiwan,662332400,140864934,803197334
2021-11,India,558494927,234942823,793437750
2021-11,Belgium,331196685,355722446,686919131
2021-11,Netherlands,245833553,393369457,639203010
2021-11,Spain,322289081,220678716,542967797
2021-11,Thailand,348815370,97691392,446506762
2021-11,Peru,347579397,89982198,437561595
2021-11,Australia,147555414,168799656,316355070
2021-12,United States of America,27026443109,44836243876,71862686985
2021-12,China,8143016255,2227084245,10370100500
2021-12,Mexico,3260859411,677725529,3938584940
2021-12,Japan,1285848545,1185981076,2471829621
2021-12,Germany,1771690380,573454871,2345145251
2021-12,United Kingdom,567450086,1379568041,1947018127
2021-12,"Korea, South",983148635,336940317,1320088952
2021-12,France,615675413,568527900,1184203313
2021-12,Italy,908340704,241533357,1149874061
2021-12,Brazil,813772763,258998906,1072771669
2021-12,Taiwan,859481315,166832887,1026314202
2021-12,Viet Nam,926698140,52666672,979364812
2021-12,India,578900161,343867729,922767890
2021-12,Switzerland,642398463,263836753,906235216
2021-12,Netherlands,349069275,422852548,771921823
2021-12,Belgium,322796394,433930934,756727328
2021-12,Spain,256380143,269721969,526102112
2021-12,Australia,185299176,295044166,480343342
2021-12,Peru,405110140,73398427,478508567
2021-12,Thailand,410637560,61271570,471909130
2022-01,United States of America,24104903661,42747424633,66852328294
2022-01,China,6740047362,1776517314,8516564676
2022-01,Mexico,2760526369,790876852,3551403221
2022-01,Japan,1063282368,1329103502,2392385870
2022-01,United Kingdom,548858722,1594835702,2143694424
2022-01,"Korea, South",1003575486,705906513,1709481999
2022-01,Germany,1278652695,419513178,1698165873
2022-01,Italy,780612663,187621772,968234435
2022-01,Netherlands,224214446,719470832,943685278
2022-01,Belgium,505180918,383825429,889006347
2022-01,Viet Nam,799052485,78912104,877964589
2022-01,Taiwan,663209602,175999413,839209015
2022-01,India,539886564,200385532,740272096
2022-01,Brazil,576015733,138649360,714665093
2022-01,France,518209131,182633882,700843013
2022-01,Switzerland,392476858,167347654,559824512
2022-01,Spain,275510601,157464584,432975185
2022-01,Peru,314612869,85367440,399980309
2022-01,Thailand,332566928,53629982,386196910
2022-01,Australia,149559502,201740189,351299691
2022-02,United States of America,25159074921,41538814354,66697889275
2022-02,China,6846417464,1733761343,8580178807
2022-02,Mexico,3135859416,649363428,3785222844
2022-02,United Kingdom,574580159,2117850854,2692431013
2022-02,Japan,1319032736,1345522993,2664555729
2022-02,Germany,1469870364,496415684,1966286048
2022-02,"Korea, South",942556566,685996412,1628552978
2022-02,Italy,764897227,294457162,1059354389
2022-02,India,524522269,420957998,945480267
2022-02,Taiwan,640434136,291278338,931712474
2022-02,Netherlands,300382862,562779634,863162496
2022-02,Switzerland,578943230,209897096,788840326
2022-02,Viet Nam,709111740,58328942,767440682
2022-02,Brazil,504122261,257936277,762058538
2022-02,France,494811929,260342565,755154494
2022-02,Belgium,413841203,339923536,753764739
2022-02,Thailand,312814745,110130335,422945080
2022-02,Peru,317562524,99633714,417196238
2022-02,Spain,209051905,169717854,378769759
2022-02,Australia,181873869,168632144,350506013
2022-03,United States of America,32198146459,53144746022,85342892481
2022-03,China,8776070029,2287109278,11063179307
2022-03,Mexico,3870912733,771987002,4642899735
2022-03,Japan,1696729140,1607880369,3304609509
2022-03,Germany,2017416473,730846200,2748262673
2022-03,United Kingdom,742735686,1784226135,2526961821
2022-03,"Korea, South",1211998487,938041043,2150039530
2022-03,Switzerland,1073271975,234330037,1307602012
2022-03,India,671890744,500146223,1172036967
2022-03,Italy,1007882116,160195431,1168077547
2022-03,Brazil,730649892,425082921,1155732813
2022-03,France,643273497,411147210,1054420707
2022-03,Taiwan,835249052,217931806,1053180858
2022-03,Viet Nam,858565055,59732260,918297315
2022-03,Spain,365401872,423295691,788697563
2022-03,Netherlands,383140136,401132921,784273057
2022-03,Belgium,361978876,390176958,752155834
2022-03,Thailand,387641438,112219620,499861058
2022-03,Peru,340081258,128336710,468417968
2022-03,Australia,188192759,157488137,345680896
2022-04,United States of America,31173346353,50312943956,81486290309
2022-04,China,8175394349,1980580154,10155974503
2022-04,Mexico,3647567878,765988682,4413556560
2022-04,Japan,1588365078,1385903801,2974268879
2022-04,Germany,1904061038,659534106,2563595144
2022-04,"Korea, South",1401699813,786976535,2188676348
2022-04,United Kingdom,634309929,1147883299,1782193228
2022-04,India,698988395,530186906,1229175301
2022-04,Viet Nam,1155234506,64484943,1219719449
2022-04,Taiwan,825627214,311592529,1137219743
2022-04,Italy,991171365,135627185,1126798550
2022-04,Netherlands,513501738,479846816,993348554
2022-04,France,685382322,222627814,908010136
2022-04,Brazil,585891375,305244670,891136045
2022-04,Switzerland,592064757,248816945,840881702
2022-04,Belgium,385086461,376079268,761165729
2022-04,Thailand,483861943,124582290,608444233
2022-04,Spain,291990650,295341294,587331944
2022-04,Australia,242982323,215758245,458740568
2022-04,Peru,354908742,27812043,382720785
2022-05,United States of America,31305065487,54873747301,86178812788
2022-05,China,8176671651,2112193273,10288864924
2022-05,United Kingdom,761299689,4288132781,5049432470
2022-05,Mexico,3383697865,660865807,4044563672
2022-05,Japan,1249557304,1784958310,3034515614
2022-05,Germany,2167494638,568187032,2735681670
2022-05,"Korea, South",1269018122,824529675,2093547797
2022-05,Italy,1061787993,244222420,1306010413
2022-05,Brazil,649098833,605978873,1255077706
2022-05,Switzerland,1019007861,221099601,1240107462
2022-05,Viet Nam,1055053934,92623677,1147677611
2022-05,Netherlands,597167522,503536838,1100704360
2022-05,Taiwan,881768913,204656130,1086425043
2022-05,India,685861532,391114820,1076976352
2022-05,Belgium,460296235,598383708,1058679943
2022-05,France,659042008,297316573,956358581
2022-05,Spain,293748470,311746536,605495006
2022-05,Thailand,428580477,147627889,576208366
2022-05,Peru,303448680,194804057,498252737
2022-05,Australia,186169197,267818667,453987864
2022-06,United States of America,33849165104,55590657784,89439822888
2022-06,China,8405225866,2432802144,10838028010
2022-06,Mexico,3468737745,777402589,4246140334
2022-06,Japan,1608561272,1643005586,3251566858
2022-06,United Kingdom,941071384,2092646611,3033717995
2022-06,Germany,1928495664,607258214,2535753878
2022-06,"Korea, South",1120943511,760752772,1881696283
2022-06,Netherlands,726395041,709753562,1436148603
2022-06,Italy,1121856478,163675805,1285532283
2022-06,Viet Nam,1127379507,100057019,1227436526
2022-06,Brazil,714797959,497844764,1212642723
2022-06,Taiwan,899036220,271588460,1170624680
2022-06,India,810500760,341477407,1151978167
2022-06,France,635261535,445599301,1080860836
2022-06,Switzerland,677469077,327277267,1004746344
2022-06,Australia,337772116,549732710,887504826
2022-06,Belgium,372382695,298057312,670440007
2022-06,Peru,299521203,252767454,552288657
2022-06,Spain,398558484,119001690,517560174
2022-06,Thailand,413012785,92279538,505292323
2022-07,United States of America,30562321900,51140652071,81702973971
2022-07,China,8527748390,1940213324,10467961714
2022-07,Mexico,3441606718,696851134,4138457852
2022-07,Japan,1464755770,1671855583,3136611353
2022-07,United Kingdom,714375332,1772249437,2486624769
2022-07,Germany,1867338023,520890937,2388228960
2022-07,"Korea, South",1149192794,1012960062,2162152856
2022-07,Brazil,774519095,431772284,1206291379
2022-07,Viet Nam,1069931717,92202999,1162134716
2022-07,France,816211037,344026398,1160237435
2022-07,Italy,961604829,156614460,1118219289
2022-07,Netherlands,606331041,462710407,1069041448
2022-07,Taiwan,818783542,237687201,1056470743
2022-07,India,716440185,293335783,1009775968
2022-07,Belgium,339133830,438035235,777169065
2022-07,Switzerland,497009660,209221839,706231499
2022-07,Australia,236030334,392085827,628116161
2022-07,Spain,336539172,253642114,590181286
2022-07,Thailand,447092636,118013136,565105772
2022-07,Peru,336635589,98021595,434657184
2022-08,United States of America,32858039007,52876184866,85734223873
2022-08,China,9668251369,2236398044,11904649413
2022-08,Mexico,3420320911,651217783,4071538694
2022-08,Japan,1594535692,1347607886,2942143578
2022-08,Germany,1988651559,869594233,2858245792
2022-08,United Kingdom,721148396,1618465046,2339613442
2022-08,"Korea, South",1041298645,574276471,1615575116
2022-08,Viet Nam,1429860419,91561899,1521422318
2022-08,Italy,1087440485,234305477,1321745962
2022-08,Switzerland,661269598,528428104,1189697702
2022-08,India,714849843,428079427,1142929270
2022-08,Brazil,600079523,463355717,1063435240
2022-08,Taiwan,812185293,221942002,1034127295
2022-08,Netherlands,556030232,420102351,976132583
2022-08,France,628902142,273375493,902277635
2022-08,Belgium,331260055,452523243,783783298
2022-08,Spain,335299610,263883344,599182954
2022-08,Thailand,482024036,82430509,564454545
2022-08,Peru,347878500,168914433,516792933
2022-08,Australia,149809400,206837815,356647215
2022-09,United States of America,32049624225,50409093393,82458717618
2022-09,China,9886186965,2624130079,12510317044
2022-09,Mexico,3585371243,773161525,4358532768
2022-09,Japan,1305892625,1582338687,2888231312
2022-09,Germany,1927262119,724558647,2651820766
2022-09,United Kingdom,704958447,1766619808,2471578255
2022-09,"Korea, South",1065581850,476896287,1542478137
2022-09,Viet Nam,1292942467,60385517,1353327984
2022-09,Italy,1099926354,227226266,1327152620
2022-09,India,792605217,497382362,1289987579
2022-09,France,623765076,405958218,1029723294
2022-09,Netherlands,416153151,570144044,986297195
2022-09,Brazil,725341513,258829708,984171221
2022-09,Switzerland,457250354,509531339,966781693
2022-09,Taiwan,829101851,126793546,955895397
2022-09,Belgium,289118709,392281294,681400003
2022-09,Thailand,512982958,105240886,618223844
2022-09,Spain,292181086,215419887,507600973
2022-09,Australia,181299506,262077423,443376929
2022-09,Peru,337483305,98436483,435919788
2022-10,United States of America,32347610067,50195055013,82542665080
2022-10,China,9433660047,3581258283,13014918330
2022-10,Mexico,3672659131,819810539,4492469670
2022-10,Japan,1445230741,1636374599,3081605340
2022-10,Germany,1947993305,741531174,2689524479
2022-10,"Korea, South",1164231845,712796338,1877028183
2022-10,United Kingdom,746700096,1035980508,1782680604
2022-10,Viet Nam,1381231714,65249182,1446480896
2022-10,Italy,1055003523,371678530,1426682053
2022-10,India,811533919,509890149,1321424068
2022-10,France,799265005,366098466,1165363471
2022-10,Brazil,804052060,221402050,1025454110
2022-10,Netherlands,445118335,546021913,991140248
2022-10,Taiwan,789176086,142461715,931637801
2022-10,Belgium,460784369,424404654,885189023
2022-10,Switzerland,509670218,362370991,872041209
2022-10,Thailand,495933162,71870797,567803959
2022-10,Peru,370717805,188608589,559326394
2022-10,Australia,255460149,257903100,513363249
2022-10,Spain,316967219,161686276,478653495
2022-11,United States of America,31408641130,47846370751,79255011881
2022-11,China,8111063917,3243885904,11354949821
2022-11,Mexico,3681812996,865332007,4547145003
2022-11,Germany,2000619719,722715189,2723334908
2022-11,United Kingdom,707718763,2002269218,2709987981
2022-11,Japan,1386830571,1274503752,2661334323
2022-11,"Korea, South",1107741224,549920856,1657662080
2022-11,Italy,1157456758,383379118,1540835876
2022-11,Viet Nam,1161622369,97640832,1259263201
2022-11,India,694075087,469586846,1163661933
2022-11,Brazil,790451989,257961477,1048413466
2022-11,France,651905307,382721865,1034627172
2022-11,Taiwan,812371622,172701324,985072946
2022-11,Switzerland,589165339,301476910,890642249
2022-11,Netherlands,366080180,451364228,817444408
2022-11,Spain,357361210,267972965,625334175
2022-11,Australia,343865598,279128955,622994553
2022-11,Belgium,286056259,302654695,588710954
2022-11,Thailand,482634513,82814533,565449046
2022-11,Peru,449727140,104447397,554174537
2022-12,United States of America,29412222995,48696915902,78109138897
2022-12,China,7545384742,2778684294,10324069036
2022-12,Mexico,3348516351,879836368,4228352719
2022-12,Japan,1376947342,1392828536,2769775878
2022-12,Germany,2001324700,545612499,2546937199
2022-12,United Kingdom,885723124,1453093061,2338816185
2022-12,"Korea, South",867506475,628773217,1496279692
2022-12,India,683757525,782572658,1466330183
2022-12,Italy,1041068266,303864352,1344932618
2022-12,Brazil,1049197401,188041546,1237238947
2022-12,France,644623821,361370104,1005993925
2022-12,Netherlands,272129561,680629135,952758696
2022-12,Viet Nam,822813180,42185385,864998565
2022-12,Taiwan,649426519,205666237,855092756
2022-12,Switzerland,398267587,450347330,848614917
2022-12,Belgium,328194863,448916128,777110991
2022-12,Spain,290479186,411134175,701613361
2022-12,Thailand,426949516,129421487,556371003
2022-12,Peru,413811366,87287508,501098874
2022-12,Australia,204671523,208655824,413327347
2023-01,United States of America,28972435146,49719300025,78691735171
2023-01,China,7651586547,2631776888,10283363435
2023-01,Mexico,3516868365,712230338,4229098703
2023-01,Japan,1339883274,1408867984,2748751258
2023-01,Germany,1891100933,689190748,2580291681
2023-01,United Kingdom,745795777,1687629801,2433425578
2023-01,"Korea, South",998807803,564203279,1563011082
2023-01,Italy,1126106898,229679789,1355786687
2023-01,Switzerland,586954888,557346072,1144300960
2023-01,Viet Nam,1022347967,39640399,1061988366
2023-01,Brazil,705167496,297449578,1002617074
2023-01,France,648272217,327086822,975359039
2023-01,Belgium,519668278,426556335,946224613
2023-01,India,608841125,285737569,894578694
2023-01,Taiwan,710949821,179432979,890382800
2023-01,Netherlands,349472412,531243275,880715687
2023-01,Peru,346503921,178650099,525154020
2023-01,Thailand,374615044,75776149,450391193
2023-01,Australia,209384190,235834036,445218226
2023-01,Spain,274073481,151981828,426055309
2023-02,United States of America,28696093114,44672306818,73368399932
2023-02,China,6535516527,2567067106,9102583633
2023-02,Mexico,3423604259,709267868,4132872127
2023-02,Japan,1445303341,1385132976,2830436317
2023-02,Germany,1931038979,521148383,2452187362
2023-02,United Kingdom,693372405,1215726888,1909099293
2023-02,"Korea, South",1016627115,533818476,1550445591
2023-02,Italy,877848844,220609443,1098458287
2023-02,Viet Nam,967154944,70946818,1038101762
2023-02,Switzerland,473826452,489873157,963699609
2023-02,France,547001342,410736420,957737762
2023-02,Brazil,530233864,426884100,957117964
2023-02,India,570807079,249302638,820109717
2023-02,Spain,536051244,248614761,784666005
2023-02,Taiwan,642737884,140956907,783694791
2023-02,Netherlands,252878727,399095784,651974511
2023-02,Belgium,267791973,379730699,647522672
2023-02,Australia,270854076,200271653,471125729
2023-02,Peru,362932163,94689870,457622033
2023-02,Thailand,365028851,85222764,450251615
2023-03,United States of America,34161250506,52415978015,86577228521
2023-03,China,7264811160,3145055535,10409866695
2023-03,Mexico,4230026251,813738356,5043764607
2023-03,Japan,1773831219,1659341012,3433172231
2023-03,Germany,2126975926,667420395,2794396321
2023-03,United Kingdom,856349368,1751853497,2608202865
2023-03,"Korea, South",1171215630,583570933,1754786563
2023-03,Italy,1189788987,188490489,1378279476
2023-03,Brazil,731407590,566868224,1298275814
2023-03,Switzerland,951395159,333595035,1284990194
2023-03,India,675641116,464438274,1140079390
2023-03,France,703062236,339109065,1042171301
2023-03,Viet Nam,954327485,57328679,1011656164
2023-03,Taiwan,795181969,212605061,1007787030
2023-03,Netherlands,258691905,578128493,836820398
2023-03,Belgium,298971024,432783143,731754167
2023-03,Spain,406216132,236727049,642943181
2023-03,Thailand,434218114,135319646,569537760
2023-03,Australia,195695959,346689252,542385211
2023-03,Peru,316775754,167241054,484016808
2023-04,United States of America,30835045868,47537900877,78372946745
2023-04,China,6523073435,2273095332,8796168767
2023-04,Mexico,3712102650,651082289,4363184939
2023-04,Japan,1758191531,1277797064,3035988595
2023-04,Germany,2140900339,506134201,2647034540
2023-04,"Korea, South",1101663149,763593471,1865256620
2023-04,United Kingdom,771937889,947310957,1719248846
2023-04,Italy,969100230,209413723,1178513953
2023-04,India,601055394,558994029,1160049423
2023-04,Viet Nam,988611573,85876043,1074487616
2023-04,Switzerland,730058419,332042567,1062100986
2023-04,Brazil,600828171,397947501,998775672
2023-04,Netherlands,381654239,607327341,988981580
2023-04,France,618230641,363786522,982017163
2023-04,Taiwan,672223134,198293404,870516538
2023-04,Belgium,403858510,360554972,764413482
2023-04,Spain,294041852,255508338,549550190
2023-04,Thailand,401060741,76165194,477225935
2023-04,Peru,373706339,89259094,462965433
2023-04,Australia,232936661,189998288,422934949
2023-05,United States of America,33271148875,51873464492,85144613367
2023-05,China,7673657468,2342269226,10015926694
2023-05,Mexico,4082206229,822011641,4904217870
2023-05,Japan,1783261432,1399387877,3182649309
2023-05,Germany,2248297228,759558882,3007856110
2023-05,"Korea, South",1174827126,641678726,1816505852
2023-05,United Kingdom,907083583,709730205,1616813788
2023-05,Italy,1139226720,116047057,1255273777
2023-05,India,713766860,512929874,1226696734
2023-05,France,828393940,348565347,1176959287
2023-05,Viet Nam,1092830169,46958630,1139788799
2023-05,Brazil,810074951,329380397,1139455348
2023-05,Netherlands,401015115,717116945,1118132060
2023-05,Taiwan,819659756,164104622,983764378
2023-05,Switzerland,690704251,186283368,876987619
2023-05,Belgium,403910057,345340124,749250181
2023-05,Australia,357403320,363848292,721251612
2023-05,Spain,297478369,207389403,504867772
2023-05,Thailand,380678530,95492575,476171105
2023-05,Peru,356135172,119820107,475955279
2023-06,United States of America,32892791341,48955277313,81848068654
2023-06,China,7712377479,1909087956,9621465435
2023-06,Mexico,3968378251,739336949,4707715200
2023-06,Japan,1891558727,1364565101,3256123828
2023-06,Germany,2432639537,545505474,2978145011
2023-06,"Korea, South",1109671930,549861882,1659533812
2023-06,United Kingdom,834659307,815178392,1649837699
2023-06,Italy,1052293172,281813860,1334107032
2023-06,Switzerland,916667998,408766667,1325434665
2023-06,France,882934578,377932584,1260867162
2023-06,Viet Nam,1196539573,59385104,1255924677
2023-06,Brazil,752212299,396005388,1148217687
2023-06,Netherlands,462112056,671348049,1133460105
2023-06,India,617816667,418383739,1036200406
2023-06,Taiwan,735437893,176819980,912257873
2023-06,Australia,501717734,282528385,784246119
2023-06,Belgium,384699835,301011438,685711273
2023-06,Thailand,396193884,122645605,518839489
2023-06,Spain,286203515,184940204,471143719
2023-06,Peru,366145558,93167321,459312879
2023-07,United States of America,29556622669,46616372964,76172995633
2023-07,China,6362339644,2036751513,8399091157
2023-07,Mexico,3780159037,694553014,4474712051
2023-07,Germany,2201856112,526307329,2728163441
2023-07,Japan,1543966322,1062066050,2606032372
2023-07,United Kingdom,808634357,1116428528,1925062885
2023-07,"Korea, South",1016928886,377923653,1394852539
2023-07,France,855935269,447839855,1303775124
2023-07,Italy,1152406923,96055632,1248462555
2023-07,Viet Nam,1118199581,62599617,1180799198
2023-07,Switzerland,672895548,381897471,1054793019
2023-07,Brazil,734170085,285241878,1019411963
2023-07,Netherlands,432935310,504291329,937226639
2023-07,India,555908488,332416945,888325433
2023-07,Taiwan,614679708,128225296,742905004
2023-07,Belgium,408835181,324372968,733208149
2023-07,Peru,308122000,164968244,473090244
2023-07,Spain,349081861,119896704,468978565
2023-07,Thailand,354675546,62057398,416732944
2023-07,Australia,166098300,241276079,407374379
2023-08,United States of America,33544799293,51635337307,85180136600
2023-08,China,8030064267,2111512874,10141577141
2023-08,Mexico,3872703196,794890634,4667593830
2023-08,Japan,1746612331,1358489912,3105102243
2023-08,Germany,2111380026,782634362,2894014388
2023-08,United Kingdom,833159125,1210776601,2043935726
2023-08,"Korea, South",1346267513,485818379,1832085892
2023-08,Italy,1291873517,205690835,1497564352
2023-08,Brazil,866441012,369767552,1236208564
2023-08,Viet Nam,1146184065,66908272,1213092337
2023-08,Netherlands,463870197,663042901,1126913098
2023-08,Switzerland,740774107,374446770,1115220877
2023-08,France,849028507,237876985,1086905492
2023-08,India,616262053,302774496,919036549
2023-08,Taiwan,677314789,199572020,876886809
2023-08,Belgium,409676273,365732042,775408315
2023-08,Australia,299282227,253040365,552322592
2023-08,Thailand,433824856,85549515,519374371
2023-08,Spain,319884011,141046936,460930947
2023-08,Peru,375844241,23790516,399634757
2023-09,United States of America,31972288244,50047492771,82019781015
2023-09,China,8464170691,2616971898,11081142589
2023-09,Mexico,3952485887,831553130,4784039017
2023-09,Japan,1946552124,1162486190,3109038314
2023-09,Germany,1940272606,571054233,2511326839
2023-09,"Korea, South",1298163679,597635644,1895799323
2023-09,United Kingdom,762030931,1079970570,1842001501
2023-09,Brazil,966411896,247278758,1213690654
2023-09,Viet Nam,1125088347,61588729,1186677076
2023-09,India,734437452,449394033,1183831485
2023-09,France,618985337,490737032,1109722369
2023-09,Italy,884490655,202749468,1087240123
2023-09,Switzerland,721487088,348730289,1070217377
2023-09,Netherlands,355992725,646907857,1002900582
2023-09,Taiwan,659659531,157910769,817570300
2023-09,Belgium,382274159,359036818,741310977
2023-09,Peru,434606932,101081356,535688288
2023-09,Thailand,414578364,75725460,490303824
2023-09,Australia,238710731,221615237,460325968
2023-09,Spain,259979176,193003764,452982940
2023-10,United States of America,31762853886,52332084664,84094938550
2023-10,China,8170249398,2790489659,10960739057
2023-10,Mexico,3994358242,767235775,4761594017
2023-10,Japan,1790582855,1187188069,2977770924
2023-10,Germany,2109516078,549357558,2658873636
2023-10,United Kingdom,775241760,1216698984,1991940744
2023-10,"Korea, South",1311076340,616139070,1927215410
2023-10,Switzerland,1062297483,705525757,1767823240
2023-10,Italy,1094724505,401883445,1496607950
2023-10,Viet Nam,1310014761,68272782,1378287543
2023-10,Netherlands,418629252,882658379,1301287631
2023-10,India,644116238,494674820,1138791058
2023-10,Brazil,841912152,285369625,1127281777
2023-10,France,662848912,294698247,957547159
2023-10,Belgium,664263916,267162201,931426117
2023-10,Taiwan,614888212,174468565,789356777
2023-10,Australia,306745705,268807941,575553646
2023-10,Peru,419376341,144825961,564202302
2023-10,Thailand,436850770,97167075,534017845
2023-10,Spain,299241267,232370577,531611844
2023-11,United States of America,30983394143,51671574901,82654969044
2023-11,China,7984488120,2910514965,10895003085
2023-11,Mexico,4259831132,770090068,5029921200
2023-11,Japan,1772121409,1331484327,3103605736
2023-11,Germany,1879547818,553382787,2432930605
2023-11,United Kingdom,758252362,1392153102,2150405464
2023-11,"Korea, South",1163620272,618179712,1781799984
2023-11,Viet Nam,1289771013,97513817,1387284830
2023-11,Italy,1120412547,177482087,1297894634
2023-11,France,736928424,373963914,1110892338
2023-11,India,606464090,466957714,1073421804
2023-11,Brazil,780422496,231821784,1012244280
2023-11,Netherlands,357354696,604161868,961516564
2023-11,Switzerland,521183286,381511536,902694822
2023-11,Belgium,413556133,323720594,737276727
2023-11,Taiwan,581901352,130240036,712141388
2023-11,Thailand,442727832,83692694,526420526
2023-11,Peru,434361345,70067926,504429271
2023-11,Spain,306916966,192057464,498974430
2023-11,Australia,263058924,227834873,490893797
2023-12,United States of America,29156541838,46590955066,75747496904
2023-12,China,6816585417,2834666552,9651251969
2023-12,Mexico,3854128330,564901716,4419030046
2023-12,Japan,1904349308,1247137110,3151486418
2023-12,United Kingdom,685255262,2085828079,2771083341
2023-12,Germany,1889525736,634207900,2523733636
2023-12,"Korea, South",1479665011,629071317,2108736328
2023-12,Italy,995037792,362183718,1357221510
2023-12,India,575013420,595911936,1170925356
2023-12,Brazil,869306610,258149048,1127455658
2023-12,Viet Nam,1050958670,60703108,1111661778
2023-12,France,701516634,253551599,955068233
2023-12,Netherlands,231750074,633462818,865212892
2023-12,Peru,604824293,132250487,737074780
2023-12,Taiwan,567393684,145556788,712950472
2023-12,Switzerland,421779367,284360184,706139551
2023-12,Australia,201945225,346758209,548703434
2023-12,Thailand,429926488,84506716,514433204
2023-12,Belgium,231422388,249491967,480914355
2023-12,Spain,351058906,127970134,479029040
2024-01,United States of America,27933282779,47636497478,75569780257
2024-01,China,6438148587,1989759638,8427908225
2024-01,Mexico,3465489139,693213303,4158702442
2024-01,Japan,1643791074,1253108301,2896899375
2024-01,Germany,1794567255,486608056,2281175311
2024-01,United Kingdom,581602848,1667455258,2249058106
2024-01,"Korea, South",1120940199,736731424,1857671623
2024-01,Italy,1000745539,180568827,1181314366
2024-01,Viet Nam,1013880235,48271611,1062151846
2024-01,India,598288604,462635535,1060924139
2024-01,Brazil,827500837,145510329,973011166
2024-01,France,624932721,297888802,922821523
2024-01,Netherlands,224907786,550696649,775604435
2024-01,Taiwan,576273409,180546995,756820404
2024-01,Peru,607655680,120007253,727662933
2024-01,Belgium,352505699,362272341,714778040
2024-01,Switzerland,399197907,199141882,598339789
2024-01,Spain,365389617,137616263,503005880
2024-01,Thailand,377967970,62746192,440714162
2024-01,Australia,206537159,209897875,416435034
2024-02,United States of America,30559307043,46437497539,76996804582
2024-02,China,6774294393,2185713630,8960008023
2024-02,Mexico,3769115464,724633309,4493748773
2024-02,United Kingdom,785396872,2321631781,3107028653
2024-02,Japan,1761689772,1217103366,2978793138
2024-02,Germany,1823485322,516895667,2340380989
2024-02,"Korea, South",1303332931,689133663,1992466594
2024-02,Switzerland,433841531,1222356635,1656198166
2024-02,France,755455325,513890775,1269346100
2024-02,Viet Nam,1024777272,82388649,1107165921
2024-02,India,564532835,488380826,1052913661
2024-02,Italy,902455475,123502060,1025957535
2024-02,Brazil,707572445,191841911,899414356
2024-02,Netherlands,262187151,588183676,850370827
2024-02,Peru,487160122,186730145,673890267
2024-02,Taiwan,465137724,140840553,605978277
2024-02,Belgium,212672274,306006448,518678722
2024-02,Thailand,387881838,85134133,473015971
2024-02,Spain,291311712,114246543,405558255
2024-02,Australia,194877824,193347056,388224880
2024-03,United States of America,32887172165,48427352435,81314524600
2024-03,China,6924951978,2640960301,9565912279
2024-03,Mexico,4130306359,737451539,4867757898
2024-03,Japan,1865256913,1390699405,3255956318
2024-03,United Kingdom,791821394,2063651792,2855473186
2024-03,Germany,1969860635,610731264,2580591899
2024-03,"Korea, South",1609485953,621824681,2231310634
2024-03,Switzerland,958260655,574996126,1533256781
2024-03,Viet Nam,1168019820,81432914,1249452734
2024-03,Netherlands,327482990,802964357,1130447347
2024-03,Italy,903802436,194196179,1097998615
2024-03,India,689162068,402043835,1091205903
2024-03,Brazil,719080730,243360818,962441548
2024-03,France,664400310,237946267,902346577
2024-03,Taiwan,624920656,177243760,802164416
2024-03,Belgium,366274846,267986302,634261148
2024-03,Thailand,437097159,77998381,515095540
2024-03,Peru,408144489,99558972,507703461
2024-03,Spain,360284044,119267173,479551217
2024-03,Australia,159340827,262176987,421517814
2024-04,United States of America,33544610050,49677743790,83222353840
2024-04,China,6880117813,2134672715,9014790528
2024-04,Mexico,4076503170,837666329,4914169499
2024-04,Japan,1774531030,1521566785,3296097815
2024-04,United Kingdom,856136554,2343286111,3199422665
2024-04,Germany,2258202434,417753996,2675956430
2024-04,"Korea, South",1585022383,577887584,2162909967
2024-04,Italy,1102453971,264741567,1367195538
2024-04,Viet Nam,1088977066,71463909,1160440975
2024-04,France,790041104,294717457,1084758561
2024-04,India,770220923,302600751,1072821674
2024-04,Brazil,737177340,237375619,974552959
2024-04,Switzerland,438317903,494494997,932812900
2024-04,Netherlands,362992992,562472677,925465669
2024-04,Taiwan,677400500,158260616,835661116
2024-04,Belgium,369919556,345046769,714966325
2024-04,Peru,492229328,164919896,657149224
2024-04,Spain,392544506,208683508,601228014
2024-04,Thailand,480270317,98475959,578746276
2024-04,Australia,203156989,217300325,420457314
2024-05,United States of America,33022490384,51534026418,84556516802
2024-05,China,7258150464,2578084304,9836234768
2024-05,Mexico,4061050969,771780198,4832831167
2024-05,Japan,1666484293,1143460827,2809945120
2024-05,Germany,2186175158,442712094,2628887252
2024-05,"Korea, South",1545498150,588893936,2134392086
2024-05,United Kingdom,871702950,1244020150,2115723100
2024-05,Italy,1276471364,200609414,1477080778
2024-05,Viet Nam,1303645079,75191558,1378836637
2024-05,France,996633770,264338906,1260972676
2024-05,India,690311667,463289783,1153601450
2024-05,Switzerland,444060930,695018021,1139078951
2024-05,Brazil,906584924,222694605,1129279529
2024-05,Netherlands,424484028,442859257,867343285
2024-05,Taiwan,625601463,175778003,801379466
2024-05,Belgium,341601991,287514791,629116782
2024-05,Peru,454480545,155929262,610409807
2024-05,Spain,395222982,153013534,548236516
2024-05,Thailand,432597259,85451301,518048560
2024-05,Australia,224929839,215597593,440527432
2024-06,United States of America,32626948356,50097395982,82724344338
2024-06,China,7334556432,2758316915,10092873347
2024-06,Mexico,4323604949,647358834,4970963783
2024-06,United Kingdom,755447506,2910562709,3666010215
2024-06,Japan,2005390043,1178867882,3184257925
2024-06,Germany,2073969854,542152435,2616122289
2024-06,"Korea, South",1588051260,612562471,2200613731
2024-06,France,1113451508,490983160,1604434668
2024-06,Italy,988731047,364677873,1353408920
2024-06,Viet Nam,1210768285,105500629,1316268914
2024-06,India,623065480,624205593,1247271073
2024-06,Netherlands,475964085,555529890,1031493975
2024-06,Switzerland,579176489,449513631,1028690120
2024-06,Brazil,719077984,253493055,972571039
2024-06,Taiwan,592020264,158639122,750659386
2024-06,Belgium,423562331,271817453,695379784
2024-06,Peru,401901508,161574702,563476210
2024-06,Thailand,445769491,100572429,546341920
2024-06,Australia,218776652,319531744,538308396
2024-06,Spain,376192388,156652846,532845234
2024-07,United States of America,29922606365,52226526231,82149132596
2024-07,China,7722302717,2316750526,10039053243
2024-07,Mexico,3942463254,692339110,4634802364
2024-07,United Kingdom,885739791,2333090473,3218830264
2024-07,Japan,1821789859,1003277213,2825067072
2024-07,Germany,1959296985,653047587,2612344572
2024-07,"Korea, South",1379084887,729871770,2108956657
2024-07,Italy,1113364740,362195629,1475560369
2024-07,Viet Nam,1223532014,81930369,1305462383
2024-07,France,999364006,243624053,1242988059
2024-07,Netherlands,648251122,567765425,1216016547
2024-07,Brazil,829359107,255662635,1085021742
2024-07,India,648063538,313492046,961555584
2024-07,Switzerland,667225001,255228777,922453778
2024-07,Belgium,396979668,373159940,770139608
2024-07,Taiwan,624111215,138084641,762195856
2024-07,Peru,433059099,93436575,526495674
2024-07,Thailand,426401955,77672885,504074840
2024-07,Australia,234431357,227339767,461771124
2024-07,Spain,308831160,131112374,439943534
2024-08,United States of America,32482773755,47282975287,79765749042
2024-08,China,8555159761,2446745106,11001904867
2024-08,Mexico,3807212776,732874790,4540087566
2024-08,United Kingdom,818210993,3139432217,3957643210
2024-08,Japan,1825309280,1128215648,2953524928
2024-08,Germany,1918017820,516273117,2434290937
2024-08,"Korea, South",1371682019,618424999,1990107018
2024-08,Viet Nam,1340678476,120882394,1461560870
2024-08,Brazil,1038717718,231341856,1270059574
2024-08,Switzerland,739026801,528497587,1267524388
2024-08,Italy,1036098431,171070242,1207168673
2024-08,Netherlands,507343577,656936096,1164279673
2024-08,France,801864407,329626953,1131491360
2024-08,India,635165418,311771324,946936742
2024-08,Taiwan,616391984,188603177,804995161
2024-08,Belgium,332067581,379649933,711717514
2024-08,Australia,303618204,374677360,678295564
2024-08,Thailand,499977214,109742966,609720180
2024-08,Peru,492225104,105867900,598093004
2024-08,Spain,389546011,147447448,536993459
2024-09,United States of America,31262705311,49449123511,80711828822
2024-09,China,8152365653,2595807597,10748173250
2024-09,Mexico,3909051872,640922792,4549974664
2024-09,Japan,1971936769,1367865875,3339802644
2024-09,United Kingdom,764660648,2361558734,3126219382
2024-09,Germany,1898616899,675608189,2574225088
2024-09,"Korea, South",1512461609,547549500,2060011109
2024-09,Viet Nam,1409649775,52646148,1462295923
2024-09,Switzerland,976788132,365369673,1342157805
2024-09,India,680844636,499851608,1180696244
2024-09,France,755339388,392114249,1147453637
2024-09,Italy,980922438,166454755,1147377193
2024-09,Brazil,903077107,210814482,1113891589
2024-09,Netherlands,495090967,607821606,1102912573
2024-09,Taiwan,592741625,191460707,784202332
2024-09,Belgium,278470546,284960069,563430615
2024-09,Thailand,467123642,72925739,540049381
2024-09,Peru,490495197,37840320,528335517
2024-09,Australia,238125564,279606879,517732443
2024-09,Spain,261554109,148225376,409779485
2024-10,United States of America,32517587597,50494671555,83012259152
2024-10,China,8558194571,3066184267,11624378838
2024-10,Mexico,4109077649,776451686,4885529335
2024-10,United Kingdom,725837301,3002477440,3728314741
2024-10,Japan,1671136625,1225216019,2896352644
2024-10,Germany,2052294186,639004148,2691298334
2024-10,"Korea, South",1438420695,645763661,2084184356
2024-10,Italy,1044860141,492276266,1537136407
2024-10,Viet Nam,1406460469,129268370,1535728839
2024-10,France,806943414,554153561,1361096975
2024-10,India,766712188,559697003,1326409191
2024-10,Switzerland,959469575,365762177,1325231752
2024-10,Brazil,852423580,174931292,1027354872
2024-10,Belgium,658143039,367297994,1025441033
2024-10,Netherlands,308944289,637979665,946923954
2024-10,Taiwan,655944067,136348391,792292458
2024-10,Peru,612979398,176293879,789273277
2024-10,Spain,318115656,342667272,660782928
2024-10,Thailand,492882356,99758270,592640626
2024-10,Australia,333077810,256556888,589634698
2024-11,United States of America,32123795017,49760400625,81884195642
2024-11,China,7187522923,2746814319,9934337242
2024-11,Mexico,4042823760,739170116,4781993876
2024-11,United Kingdom,1268825872,2888674518,4157500390
2024-11,Japan,1558538721,1161619362,2720158083
2024-11,Germany,1740755420,503801998,2244557418
2024-11,"Korea, South",1268400775,584378130,1852778905
2024-11,Italy,986811359,379597150,1366408509
2024-11,Switzerland,892013085,456979764,1348992849
2024-11,Viet Nam,1246946611,71622474,1318569085
2024-11,Brazil,1141034769,161974859,1303009628
2024-11,India,705040655,454225843,1159266498
2024-11,France,652042035,411531820,1063573855
2024-11,Netherlands,320531274,537803308,858334582
2024-11,Taiwan,580895240,194647808,775543048
2024-11,Peru,546272940,167537722,713810662
2024-11,Belgium,360460604,276152013,636612617
2024-11,Australia,269776268,274988249,544764517
2024-11,Thailand,432303183,82033973,514337156
2024-11,Spain,316599023,174462940,491061963
2024-12,United States of America,28620560057,52914583300,81535143357
2024-12,China,7133804743,2543443768,9677248511
2024-12,Mexico,3850201099,667745563,4517946662
2024-12,United Kingdom,758087030,2481986024,3240073054
2024-12,Japan,1773072504,1399713886,3172786390
2024-12,Germany,1955067365,767943714,2723011079
2024-12,"Korea, South",1359061638,669051026,2028112664
2024-12,Italy,1131523519,410397915,1541921434
2024-12,Viet Nam,1293668812,97531817,1391200629
2024-12,France,917290918,375514241,1292805159
2024-12,Switzerland,581246991,573195584,1154442575
2024-12,India,659261041,430546262,1089807303
2024-12,Brazil,850287075,167034158,1017321233
2024-12,Peru,721033817,171461134,892494951
2024-12,Netherlands,284634607,595322483,879957090
2024-12,Taiwan,616806544,194585615,811392159
2024-12,Belgium,444230974,331833363,776064337
2024-12,Australia,401923181,312533642,714456823
2024-12,Spain,374426245,201833113,576259358
2024-12,Thailand,465980313,79408200,545388513
2025-01,United States of America,30444400129,58464934319,88909334448
2025-01,China,7587372802,2674216349,10261589151
2025-01,Mexico,3657580074,689891263,4347471337
2025-01,United Kingdom,677069894,2402084893,3079154787
2025-01,Japan,1729077567,1282237353,3011314920
2025-01,Germany,1612962668,687327977,2300290645
2025-01,"Korea, South",1645719269,474304481,2120023750
2025-01,Viet Nam,1325607852,91334890,1416942742
2025-01,Brazil,1137643106,183790250,1321433356
2025-01,Italy,1001690219,310327007,1312017226
2025-01,France,774014766,389070784,1163085550
2025-01,India,763040393,219719572,982759965
2025-01,Netherlands,312594999,656783456,969378455
2025-01,Peru,701674139,183336456,885010595
2025-01,Taiwan,661677012,169144455,830821467
2025-01,Switzerland,550473370,91925906,642399276
2025-01,Belgium,236929046,327884580,564813626
2025-01,Spain,333585813,227311996,560897809
2025-01,Thailand,446890447,94747119,541637566
2025-01,Australia,248570991,245093768,493664759
2025-02,United States of America,32177856062,52326839153,84504695215
2025-02,China,6326607162,2399899859,8726507021
2025-02,Mexico,3856222358,717438994,4573661352
2025-02,Japan,1597006873,1146448903,2743455776
2025-02,United Kingdom,733240724,1730228495,2463469219
2025-02,Germany,1787501407,458843155,2246344562
2025-02,"Korea, South",1204213252,558414695,1762627947
2025-02,Viet Nam,1150909561,38275325,1189184886
2025-02,France,768940990,311471994,1080412984
2025-02,Italy,867684363,203035992,1070720355
2025-02,India,712536593,279042491,991579084
2025-02,Brazil,777335242,208551114,985886356
2025-02,Netherlands,232365881,582462788,814828669
2025-02,Taiwan,579576524,136461164,716037688
2025-02,Belgium,279037259,338574220,617611479
2025-02,Peru,520560850,95897826,616458676
2025-02,Switzerland,543780389,51030987,594811376
2025-02,Thailand,381300805,100347589,481648394
2025-02,Australia,258396537,205314451,463710988
2025-02,Spain,220254293,213846027,434100320
2025-03,United States of America,36793681437,53738358387,90532039824
2025-03,China,7658795183,3032078161,10690873344
2025-03,Mexico,4709839676,831420651,5541260327
2025-03,United Kingdom,962072395,3381976719,4344049114
2025-03,Japan,2046514646,1400126810,3446641456
2025-03,Germany,2183882577,692518557,2876401134
2025-03,"Korea, South",1414712408,768397969,2183110377
2025-03,Viet Nam,1507231040,108875778,1616106818
2025-03,France,929140630,458808753,1387949383
2025-03,Netherlands,438189167,945558484,1383747651
2025-03,Italy,1136098518,246675017,1382773535
2025-03,India,857763468,278554911,1136318379
2025-03,Brazil,904837691,211996830,1116834521
2025-03,Taiwan,687149442,206007344,893156786
2025-03,Peru,523309955,203080502,726390457
2025-03,Belgium,351629853,345759013,697388866
2025-03,Thailand,587149527,84141633,671291160
2025-03,Spain,421981010,196760179,618741189
2025-03,Australia,250620583,354319209,604939792
2025-03,Switzerland,506981030,50060439,557041469
2025-04,United States of America,28546078790,43037259574,71583338364
2025-04,China,7614648300,2772550135,10387198435
2025-04,Mexico,4423356328,745024603,5168380931
2025-04,United Kingdom,951755558,3682626128,4634381686
2025-04,Germany,2440690542,742818529,3183509071
2025-04,Japan,1743693402,1229394843,2973088245
2025-04,"Korea, South",1588526866,595524553,2184051419
2025-04,Switzerland,1571966073,157731444,1729697517
2025-04,Viet Nam,1334051451,97040823,1431092274
2025-04,Brazil,1053887961,327845739,1381733700
2025-04,Italy,1113562999,230308232,1343871231
2025-04,Netherlands,408721335,850154631,1258875966
2025-04,France,847723911,357365456,1205089367
2025-04,India,821198306,300050976,1121249282
2025-04,Taiwan,687698036,154744195,842442231
2025-04,Peru,572859732,192256926,765116658
2025-04,Belgium,383600291,280229222,663829513
2025-04,Spain,426968317,218940190,645908507
2025-04,Thailand,531070305,92678211,623748516
2025-04,Australia,342142132,253678421,595820553
2025-05,United States of America,29905971865,43609338718,73515310583
2025-05,China,8480705395,2316798432,10797503827
2025-05,United Kingdom,899979029,5223748328,6123727357
2025-05,Mexico,4370931767,679040788,5049972555
2025-05,Japan,1622345348,1296181005,2918526353
2025-05,Germany,1935278353,673921905,2609200258
2025-05,"Korea, South",1720373437,604519768,2324893205
2025-05,Viet Nam,1735075517,170594315,1905669832
2025-05,Switzerland,1593022182,242857341,1835879523
2025-05,Italy,1179406216,400629613,1580035829
2025-05,Netherlands,511919439,786587880,1298507319
2025-05,India,945123645,347524296,1292647941
2025-05,France,820798066,302688296,1123486362
2025-05,Brazil,781726797,298290805,1080017602
2025-05,Taiwan,739343185,164233001,903576186
2025-05,Belgium,409406627,349485760,758892387
2025-05,Thailand,590887250,116931528,707818778
2025-05,Spain,375280424,259872362,635152786
2025-05,Australia,313623415,321310354,634933769
2025-05,Peru,512635743,91628419,604264162
2025-06,United States of America,31226605124,42899458398,74126063522
2025-06,China,7976281170,2788093938,10764375108
2025-06,Mexico,4679282097,701842150,5381124247
2025-06,United Kingdom,900095685,4173433096,5073528781
2025-06,Japan,1810454130,1096350707,2906804837
2025-06,Germany,2025606663,679951864,2705558527
2025-06,"Korea, South",1644855164,650801588,2295656752
2025-06,Viet Nam,1584368972,132026090,1716395062
2025-06,Italy,1188238194,320628023,1508866217
2025-06,Brazil,926261510,311514327,1237775837
2025-06,Netherlands,433418173,775250923,1208669096
2025-06,France,783991931,364093597,1148085528
2025-06,India,772552997,250898814,1023451811
2025-06,Spain,532464344,359022713,891487057
2025-06,Taiwan,672921042,143201424,816122466
2025-06,Switzerland,560540646,147410569,707951215
2025-06,Peru,582527883,75080992,657608875
2025-06,Belgium,311390389,321992448,633382837
2025-06,Thailand,522844240,101488061,624332301
2025-06,Australia,208257136,348465476,556722612
2025-07,United States of America,28987074592,46437091160,75424165752
2025-07,China,7877314166,2316442771,10193756937
2025-07,Mexico,4394472663,707552582,5102025245
2025-07,United Kingdom,909428267,3109642375,4019070642
2025-07,Germany,2160178782,961740576,3121919358
2025-07,Japan,1793687322,1224814985,3018502307
2025-07,"Korea, South",1727616227,548530188,2276146415
2025-07,Viet Nam,1869390097,109326524,1978716621
2025-07,Italy,1290736516,234352956,1525089472
2025-07,Brazil,958858114,348460498,1307318612
2025-07,France,855456480,418863938,1274320418
2025-07,India,736817121,266801570,1003618691
2025-07,Netherlands,390771378,535522426,926293804
2025-07,Taiwan,695108106,141519201,836627307
2025-07,Switzerland,625612483,155163636,780776119
2025-07,Peru,513054926,148722456,661777382
2025-07,Belgium,330010090,309319267,639329357
2025-07,Thailand,529843232,84692081,614535313
2025-07,Australia,308524996,218560307,527085303
2025-07,Spain,365665970,136627049,502293019
2025-08,United States of America,29420185804,42504834985,71925020789
2025-08,China,7427099206,2431082470,9858181676
2025-08,Mexico,4267131496,734666615,5001798111
2025-08,United Kingdom,767934944,3216970310,3984905254
2025-08,Japan,1698190552,1066157409,2764347961
2025-08,Germany,2073782245,689343250,2763125495
2025-08,Viet Nam,1746811921,132242760,1879054681
2025-08,"Korea, South",1300947440,509510664,1810458104
2025-08,Switzerland,1514210156,182931317,1697141473
2025-08,Italy,1233699485,361704111,1595403596
2025-08,France,1085332718,389238421,1474571139
2025-08,India,783142665,269397554,1052540219
2025-08,Netherlands,399301668,652191140,1051492808
2025-08,Brazil,691104024,286443059,977547083
2025-08,Belgium,491435647,380593569,872029216
2025-08,Taiwan,604637635,168670074,773307709
2025-08,Peru,637634477,59018452,696652929
2025-08,Australia,358267324,254848485,613115809
2025-08,Thailand,487779285,82701055,570480340
2025-08,Spain,349032854,209843410,558876264
2025-09,United States of America,28812516598,46385677193,75198193791
2025-09,China,7291493699,2601457267,9892950966
2025-09,Mexico,4546009169,798788545,5344797714
2025-09,United Kingdom,799959791,3126089722,3926049513
2025-09,Germany,2175262556,945782034,3121044590
2025-09,Japan,1687182740,1171459511,2858642251
2025-09,"Korea, South",1492503750,546968626,2039472376
2025-09,Viet Nam,1797832320,62559269,1860391589
2025-09,Switzerland,658473738,1014675595,1673149333
2025-09,Italy,1103078916,302849158,1405928074
2025-09,India,783928322,595710454,1379638776
2025-09,Brazil,964254775,259120539,1223375314
2025-09,France,775942828,423482632,1199425460
2025-09,Netherlands,371463657,818364785,1189828442
2025-09,Taiwan,701626228,238678087,940304315
2025-09,Australia,490431396,213407583,703838979
2025-09,Belgium,390688180,307541805,698229985
2025-09,Peru,599934872,84356249,684291121
2025-09,Thailand,513376703,135591747,648968450
2025-09,Spain,399138190,243133068,642271258
2025-10,United States of America,31457229822,46271204286,77728434108
2025-10,China,8073067472,3904637072,11977704544
2025-10,United Kingdom,786059061,5723782096,6509841157
2025-10,Mexico,4794330044,847256048,5641586092
2025-10,Japan,1864819254,1273558992,3138378246
2025-10,Germany,2167547508,612776296,2780323804
2025-10,Viet Nam,1870969919,136846095,2007816014
2025-10,"Korea, South",1293708115,497528321,1791236436
2025-10,Netherlands,323150255,1270006230,1593156485
2025-10,Italy,1195076200,350735095,1545811295
2025-10,France,816610067,642938805,1459548872
2025-10,Brazil,1161510059,237621486,1399131545
2025-10,India,859225298,278230525,1137455823
2025-10,Switzerland,720770803,264513173,985283976
2025-10,Peru,899258750,80369145,979627895
2025-10,Taiwan,688799451,143711421,832510872
2025-10,Australia,421123234,305873743,726996977
2025-10,Spain,426968899,239415577,666384476
2025-10,Thailand,579659252,84847634,664506886
2025-10,Belgium,320241719,273087803,593329522
2025-11,United States of America,27352900278,42311658260,69664558538
2025-11,China,7333488781,3961110962,11294599743
2025-11,United Kingdom,771966347,4646903470,5418869817
2025-11,Mexico,4505982724,775785535,5281768259
2025-11,Germany,2159750715,954479204,3114229919
2025-11,Japan,1809506983,1126151581,2935658564
2025-11,"Korea, South",1390581051,549100349,1939681400
2025-11,Viet Nam,1800890122,119389984,1920280106
2025-11,Italy,1155313543,476111313,1631424856
2025-11,France,1011495509,478709203,1490204712
2025-11,Brazil,1036328261,220729325,1257057586
2025-11,India,850462568,389000544,1239463112
2025-11,Netherlands,331746637,889538231,1221284868
2025-11,Switzerland,833091064,102106541,935197605
2025-11,Peru,728724749,137109109,865833858
2025-11,Taiwan,603054751,176216327,779271078
2025-11,Australia,360585726,292942975,653528701
2025-11,Spain,380632710,255246620,635879330
2025-11,Belgium,349802240,282488852,632291092
2025-11,Thailand,524330525,93465235,617795760
2025-12,United States of America,26542692865,46660719356,73203412221
2025-12,China,6995051139,3225180950,10220232089
2025-12,United Kingdom,784060860,6229407921,7013468781
2025-12,Mexico,5206793010,660691377,5867484387
2025-12,Germany,2389652385,1072924912,3462577297
2025-12,Japan,1666795905,1258557100,2925353005
2025-12,"Korea, South",1471089217,765895322,2236984539
2025-12,Viet Nam,1573299807,123819184,1697118991
2025-12,Italy,1177930391,475365541,1653295932
2025-12,Brazil,1204720347,233488219,1438208566
2025-12,France,744773156,491357342,1236130498
2025-12,India,800825866,405421008,1206246874
2025-12,Peru,949281007,74880746,1024161753
2025-12,Netherlands,249689023,738577316,988266339
2025-12,Taiwan,663026607,146269138,809295745
2025-12,Switzerland,669611038,92919065,762530103
2025-12,Australia,415118773,343588531,758707304
2025-12,Belgium,342464511,358259954,700724465
2025-12,Thailand,535548195,73101481,608649676
2025-12,Spain,345506134,133834518,479340652
2026-01,United States of America,25804085998,41354058302,67158144300
2026-01,China,6858794375,2772065360,9630859735
2026-01,United Kingdom,653018464,5256351980,5909370444
2026-01,Mexico,4364533878,758425654,5122959532
2026-01,Japan,1696997765,988724430,2685722195
2026-01,Germany,1641793728,801076149,2442869877
2026-01,"Korea, South",1468871863,530890560,1999762423
2026-01,Viet Nam,1584882994,99797789,1684680783
2026-01,Brazil,1050625924,314104462,1364730386
2026-01,France,832150278,522172881,1354323159
2026-01,Italy,1060518272,260769978,1321288250
2026-01,Netherlands,239008853,910475974,1149484827
2026-01,Peru,929025552,200489117,1129514669
2026-01,India,790903079,253546537,1044449616
2026-01,Taiwan,692861952,75435737,768297689
2026-01,Switzerland,554082663,126523140,680605803
2026-01,Australia,407175792,241459075,648634867
2026-01,Thailand,500152854,111264012,611416866
2026-01,Spain,361448488,210758715,572207203
2026-01,Belgium,305512500,251345196,556857696
2026-02,United States of America,30520894372,41599517539,72120411911
2026-02,China,6398004947,3262095387,9660100334
2026-02,United Kingdom,851949163,6206401684,7058350847
2026-02,Mexico,4413949962,700822043,5114772005
2026-02,Japan,1682053131,1130754453,2812807584
2026-02,Germany,1984326239,770043330,2754369569
2026-02,"Korea, South",1349996878,543197316,1893194194
2026-02,Viet Nam,1511445759,164671307,1676117066
2026-02,Italy,977464751,441075998,1418540749
2026-02,France,777887891,479778111,1257666002
2026-02,India,740820172,439651409,1180471581
2026-02,Brazil,941398732,174524901,1115923633
2026-02,Switzerland,802918232,175189110,978107342
2026-02,Netherlands,263776218,663494238,927270456
2026-02,Taiwan,648851213,166556106,815407319
2026-02,Peru,630094140,78452100,708546240
2026-02,Spain,362589714,344868958,707458672
2026-02,Australia,433534316,219390363,652924679
2026-02,Thailand,546851643,89433178,636284821
2026-02,Belgium,271236937,267560354,538797291
2026-03,United States of America,34303031030,48500961671,82803992701
2026-03,China,7649188312,3659604682,11308792994
2026-03,United Kingdom,958131782,8382249631,9340381413
2026-03,Mexico,5375396198,845032595,6220428793
2026-03,Germany,2620904124,1192961172,3813865296
2026-03,Japan,2263800908,1217297449,3481098357
2026-03,"Korea, South",1621777447,756630158,2378407605
2026-03,Viet Nam,1799770380,143924486,1943694866
2026-03,Italy,1272765986,319082745,1591848731
2026-03,France,917209907,594941888,1512151795
2026-03,India,906073835,516105261,1422179096
2026-03,Netherlands,397065042,986613278,1383678320
2026-03,Brazil,1044053059,271486933,1315539992
2026-03,Peru,782921834,164574607,947496441
2026-03,Taiwan,716754375,133401886,850156261
2026-03,Switzerland,739703201,58327321,798030522
2026-03,Thailand,568220585,93658314,661878899
2026-03,Belgium,335379382,311061724,646441106
2026-03,Spain,398150321,135328064,533478385
2026-03,Australia,258892303,200238719,459131022
2026-04,United States of America,32934306847,50133510322,83067817169
2026-04,China,6851084030,3735000526,10586084556
2026-04,United Kingdom,837453654,6650304120,7487757774
2026-04,Mexico,5114346449,879731773,5994078222
2026-04,Germany,2436420391,718467441,3154887832
2026-04,Japan,2084744570,1001920682,3086665252
2026-04,"Korea, South",1497573172,827713315,2325286487
2026-04,Viet Nam,1804323619,125976707,1930300326
2026-04,Italy,1269817912,272733655,1542551567
2026-04,India,985384805,421526570,1406911375
2026-04,France,871073482,531166718,1402240200
2026-04,Netherlands,455517009,905572431,1361089440
2026-04,Brazil,837175929,301384712,1138560641
2026-04,Taiwan,713025770,143937015,856962785
2026-04,Peru,728118575,69829916,797948491
2026-04,Thailand,589640262,134321901,723962163
2026-04,Australia,435086988,265614315,700701303
2026-04,Switzerland,585212172,51507699,636719871
2026-04,Belgium,418515362,196162205,614677567
2026-04,Spain,354907845,137387622,492295467
2026-05,United States of America,32532570887,51891178359,84423749246
2026-05,China,7849255060,4063864476,11913119536
2026-05,United Kingdom,876649560,5427214384,6303863944
2026-05,Mexico,4937042066,1102489487,6039531553
2026-05,Germany,2340239878,687196013,3027435891
2026-05,Japan,1849861298,1101368652,2951229950
2026-05,"Korea, South",2038211384,654576019,2692787403
2026-05,Viet Nam,1770341831,172232485,1942574316
2026-05,Netherlands,437373234,1494132453,1931505687
2026-05,Italy,1310405262,423286080,1733691342
2026-05,France,917107244,532852170,1449959414
2026-05,Brazil,980587613,376832028,1357419641
2026-05,India,909451404,327570941,1237022345
2026-05,Switzerland,522480929,408219821,930700750
2026-05,Peru,687929824,174671001,862600825
2026-05,Taiwan,681419100,174243138,855662238
2026-05,Belgium,476496276,248044251,724540527
2026-05,Australia,308665286,387754131,696419417
2026-05,Thailand,565514906,122308591,687823497
2026-05,Spain,334530889,139748165,474279054
