code,hs2,imports,exports,commodity,total
ON,87,98530336689.0,56425834498.0,Vehicles,154956171187.0
AB,27,4065548601.0,144463405883.0,Mineral fuels & oils,148528954484.0
ON,71,43041106972.0,76429440657.0,Precious metals & stones,119470547629.0
ON,84,68380954785.0,26019898419.0,Machinery & mechanical appliances,94400853204.0
ON,85,48566773981.0,12673034440.0,Electrical equipment,61239808421.0
QC,84,19182409555.0,13030658340.0,Machinery & mechanical appliances,32213067895.0
ON,39,17023479540.0,10531492470.0,Plastics,27554972010.0
ON,30,20169817942.0,6568519664.0,Pharmaceuticals,26738337606.0
NB,27,13559735269.0,11324735655.0,Mineral fuels & oils,24884470924.0
ZZ,99,0.0,21672265322.0,Confidential / low-value (CA),21672265322.0
QC,88,5270912381.0,15419397095.0,Aircraft & spacecraft,20690309476.0
ON,90,15024723791.0,5662548018.0,Optical & medical instruments,20687271809.0
BC,27,3056852898.0,16097471755.0,Mineral fuels & oils,19154324653.0
QC,27,11083578420.0,6740584643.0,Mineral fuels & oils,17824163063.0
ON,99,13368320258.0,3454040808.0,Confidential / low-value (CA),16822361066.0
BC,84,13657866251.0,2418863330.0,Machinery & mechanical appliances,16076729581.0
SK,27,3132354448.0,12922325559.0,Mineral fuels & oils,16054680007.0
ON,27,11216968632.0,4578124061.0,Mineral fuels & oils,15795092693.0
QC,85,10039679622.0,3995976299.0,Electrical equipment,14035655921.0
QC,76,1641562787.0,12310343059.0,Aluminium,13951905846.0
ON,19,4280974364.0,7930964121.0,Prepared cereals,12211938485.0
NL,27,1151385843.0,10653840364.0,Mineral fuels & oils,11805226207.0
AB,84,6771828331.0,4937748681.0,Machinery & mechanical appliances,11709577012.0
ON,94,6820404204.0,4381128622.0,Furniture,11201532826.0
ON,72,6255684949.0,4342086201.0,Iron & steel,10597771150.0
SK,31,665159617.0,9801033858.0,Fertilizers,10466193475.0
ON,73,7531867622.0,2614004393.0,Articles of iron & steel,10145872015.0
QC,87,4617285754.0,5240929339.0,Vehicles,9858215093.0
MB,84,8161437649.0,1657934251.0,Machinery & mechanical appliances,9819371900.0
BC,26,1895001058.0,7759334525.0,"Ores, slag & ash",9654335583.0
ZZ,84,0.0,9598877828.0,Machinery & mechanical appliances,9598877828.0
BC,85,7007340119.0,2208353135.0,Electrical equipment,9215693254.0
BC,87,8373522824.0,591270624.0,Vehicles,8964793448.0
ON,48,5730239394.0,2980680887.0,Paper & paperboard,8710920281.0
ON,29,6838060412.0,1519370743.0,Organic chemicals,8357431155.0
QC,26,1890135219.0,6394246576.0,"Ores, slag & ash",8284381795.0
ON,76,4484351490.0,3733218786.0,Aluminium,8217570276.0
QC,74,3349165877.0,4611309050.0,Copper,7960474927.0
ON,33,5461012421.0,2051168052.0,Cosmetics & perfumes,7512180473.0
ON,38,4906554517.0,2534314853.0,Misc chemical products,7440869370.0
QC,30,6144071723.0,1257858184.0,Pharmaceuticals,7401929907.0
ON,88,4482764336.0,2754886085.0,Aircraft & spacecraft,7237650421.0
BC,44,1146018916.0,6025395444.0,Wood & wood articles,7171414360.0
NS,87,6569356156.0,153222043.0,Vehicles,6722578199.0
SK,10,190679341.0,6430672534.0,Cereals,6621351875.0
QC,39,2986678681.0,3515670874.0,Plastics,6502349555.0
QC,48,1382656825.0,5034966326.0,Paper & paperboard,6417623151.0
ON,40,4607399346.0,1765902302.0,Rubber,6373301648.0
AB,39,1717566372.0,4647429294.0,Plastics,6364995666.0
ON,21,4306894634.0,1889053069.0,Misc food preparations,6195947703.0
MB,27,4817113602.0,1299418686.0,Mineral fuels & oils,6116532288.0
ON,07,2978707224.0,3102027573.0,Vegetables,6080734797.0
SK,84,5546290264.0,506748753.0,Machinery & mechanical appliances,6053039017.0
ON,74,3350078175.0,2510909633.0,Copper,5860987808.0
QC,90,3296847386.0,2437965250.0,Optical & medical instruments,5734812636.0
ON,18,3081313133.0,2523462570.0,Cocoa & cocoa products,5604775703.0
ON,02,3481535540.0,2106882512.0,Meat & offal,5588418052.0
ON,22,3771519023.0,1509333134.0,Beverages & spirits,5280852157.0
AB,02,68682714.0,5064188713.0,Meat & offal,5132871427.0
ON,34,3560779688.0,1497111120.0,Soap & cleaning products,5057890808.0
ON,95,4470539566.0,443426935.0,Toys & sports equipment,4913966501.0
MB,87,3529188624.0,1353198352.0,Vehicles,4882386976.0
ON,08,4747350473.0,66066730.0,Fruit & nuts,4813417203.0
SK,12,41268663.0,4644594712.0,Oil seeds,4685863375.0
ON,61,4395190451.0,162214748.0,Knitted apparel,4557405199.0
QC,71,2795229404.0,1720049348.0,Precious metals & stones,4515278752.0
QC,28,3346300722.0,1145284149.0,Inorganic chemicals,4491584871.0
ZZ,85,0.0,4449543270.0,Electrical equipment,4449543270.0
QC,44,802204640.0,3593290650.0,Wood & wood articles,4395495290.0
AB,85,3198644229.0,1169199261.0,Electrical equipment,4367843490.0
ON,83,2724048624.0,1642451457.0,Miscellaneous metal articles,4366500081.0
ON,28,2262615873.0,2083980928.0,Inorganic chemicals,4346596801.0
ON,62,3501014070.0,508278107.0,Woven apparel,4009292177.0
QC,18,1868476272.0,2065685311.0,Cocoa & cocoa products,3934161583.0
QC,94,2130238675.0,1788544873.0,Furniture,3918783548.0
ON,44,1706713924.0,2127684659.0,Wood & wood articles,3834398583.0
AB,10,177240407.0,3652950376.0,Cereals,3830190783.0
ZZ,30,0.0,3777580121.0,Pharmaceuticals,3777580121.0
SK,15,42084334.0,3543284333.0,Animal/veg fats & oils,3585368667.0
ON,32,2782741272.0,789222916.0,Tanning & dye extracts,3571964188.0
BC,90,2150676031.0,1397233166.0,Optical & medical instruments,3547909197.0
QC,40,2292695472.0,1172563535.0,Rubber,3465259007.0
QC,72,1454437072.0,1934523148.0,Iron & steel,3388960220.0
BC,39,2577609322.0,698118546.0,Plastics,3275727868.0
ON,20,2360419509.0,911811346.0,Prepared vegetables,3272230855.0
BC,76,1206989648.0,2010559125.0,Aluminium,3217548773.0
AB,29,750183790.0,2304833750.0,Organic chemicals,3055017540.0
ON,75,377916039.0,2669559988.0,Nickel,3047476027.0
QC,73,1937522642.0,1038327505.0,Articles of iron & steel,2975850147.0
BC,08,2191550679.0,749829664.0,Fruit & nuts,2941380343.0
ON,26,2292978513.0,601084699.0,"Ores, slag & ash",2894063212.0
ON,23,2094303461.0,761997142.0,Food industry residues,2856300603.0
ZZ,87,0.0,2831397290.0,Vehicles,2831397290.0
QC,02,718828618.0,2105749193.0,Meat & offal,2824577811.0
MB,85,2454787452.0,362300317.0,Electrical equipment,2817087769.0
ON,12,1096581789.0,1718678031.0,Oil seeds,2815259820.0
SK,07,55081854.0,2756221380.0,Vegetables,2811303234.0
SK,87,2602074081.0,161904832.0,Vehicles,2763978913.0
ON,96,1785833691.0,963610256.0,Miscellaneous manufactures,2749443947.0
ON,98,333762912.0,2412586770.0,Special transactions (CA),2746349682.0
ON,70,2329048238.0,408637860.0,Glass,2737686098.0
SK,28,61513306.0,2648079233.0,Inorganic chemicals,2709592539.0
BC,94,2239424809.0,413205786.0,Furniture,2652630595.0
BC,73,2390900762.0,261136030.0,Articles of iron & steel,2652036792.0
QC,22,2033201803.0,615705577.0,Beverages & spirits,2648907380.0
BC,47,4741990.0,2620562604.0,Wood pulp,2625304594.0
AB,87,1746670758.0,813526524.0,Vehicles,2560197282.0
ON,09,2067824411.0,487135200.0,"Coffee, tea & spices",2554959611.0
AB,25,142493630.0,2407052745.0,"Salt, sulphur, stone, cement",2549546375.0
AB,01,1018705226.0,1526750066.0,Live animals,2545455292.0
ON,82,2186847056.0,341884648.0,Tools & cutlery,2528731704.0
QC,99,1720906634.0,774779251.0,Confidential / low-value (CA),2495685885.0
ON,49,1953135365.0,531235870.0,Printed books & media,2484371235.0
AB,12,103303612.0,2345220732.0,Oil seeds,2448524344.0
BC,03,987216658.0,1423920799.0,Fish & seafood,2411137457.0
NL,26,317971.0,2339969632.0,"Ores, slag & ash",2340287603.0
BC,61,2233999973.0,36764267.0,Knitted apparel,2270764240.0
ON,68,1360851091.0,877269190.0,Stone & cement articles,2238120281.0
ON,64,2181202555.0,30493355.0,Footwear,2211695910.0
MB,12,194589504.0,1988120586.0,Oil seeds,2182710090.0
NS,03,316680749.0,1861967109.0,Fish & seafood,2178647858.0
QC,33,917004488.0,1227521598.0,Cosmetics & perfumes,2144526086.0
AB,73,1568761376.0,555444890.0,Articles of iron & steel,2124206266.0
MB,39,1477184127.0,624279003.0,Plastics,2101463130.0
ON,17,1310384713.0,774804125.0,Sugars,2085188838.0
MB,10,107723090.0,1976467553.0,Cereals,2084190643.0
AB,90,1431835068.0,624063426.0,Optical & medical instruments,2055898494.0
BC,88,1782034593.0,205749734.0,Aircraft & spacecraft,1987784327.0
ON,15,1107390807.0,854758641.0,Animal/veg fats & oils,1962149448.0
AB,44,211834377.0,1695913255.0,Wood & wood articles,1907747632.0
MB,02,160852289.0,1711027333.0,Meat & offal,1871879622.0
NB,03,473450916.0,1392122142.0,Fish & seafood,1865573058.0
BC,48,1268658885.0,587910247.0,Paper & paperboard,1856569132.0
BC,28,1112533299.0,668730015.0,Inorganic chemicals,1781263314.0
NL,03,5586685.0,1772379868.0,Fish & seafood,1777966553.0
ON,16,1365852286.0,409785924.0,Prepared meat & fish,1775638210.0
AB,15,58173790.0,1695841224.0,Animal/veg fats & oils,1754015014.0
QC,38,854608010.0,883534011.0,Misc chemical products,1738142021.0
QC,17,616930165.0,1114020771.0,Sugars,1730950936.0
BC,72,1322877556.0,403241892.0,Iron & steel,1726119448.0
NS,84,1523040157.0,192795407.0,Machinery & mechanical appliances,1715835564.0
ON,42,1548849360.0,165076305.0,Leather goods,1713925665.0
NS,40,236674639.0,1458876128.0,Rubber,1695550767.0
ON,10,731255087.0,962520349.0,Cereals,1693775436.0
QC,61,1570102921.0,121071461.0,Knitted apparel,1691174382.0
BC,95,1612559904.0,69840209.0,Toys & sports equipment,1682400113.0
BC,62,1607788910.0,29383220.0,Woven apparel,1637172130.0
BC,07,1094104267.0,525636930.0,Vegetables,1619741197.0
ON,01,381327926.0,1205287851.0,Live animals,1586615777.0
ON,35,1408481355.0,157614317.0,Protein substances,1566095672.0
ON,25,555928114.0,1004861531.0,"Salt, sulphur, stone, cement",1560789645.0
QC,08,1149562982.0,397848190.0,Fruit & nuts,1547411172.0
AB,28,260655318.0,1282140686.0,Inorganic chemicals,1542796004.0
AB,47,10998482.0,1522374737.0,Wood pulp,1533373219.0
ZZ,90,0.0,1528387518.0,Optical & medical instruments,1528387518.0
QC,09,1422558187.0,104058955.0,"Coffee, tea & spices",1526617142.0
ZZ,98,0.0,1521703707.0,Special transactions (CA),1521703707.0
QC,62,1228928003.0,286568056.0,Woven apparel,1515496059.0
AB,22,1445935900.0,69219600.0,Beverages & spirits,1515155500.0
MB,38,1434044827.0,27789221.0,Misc chemical products,1461834048.0
MB,31,1288832662.0,165892447.0,Fertilizers,1454725109.0
NL,15,1447135875.0,5530253.0,Animal/veg fats & oils,1452666128.0
AB,07,583865885.0,838856325.0,Vegetables,1422722210.0
ON,03,1258378293.0,160470896.0,Fish & seafood,1418849189.0
BC,19,813670764.0,587269453.0,Prepared cereals,1400940217.0
BC,25,215343947.0,1184611863.0,"Salt, sulphur, stone, cement",1399955810.0
QC,20,737693583.0,657831048.0,Prepared vegetables,1395524631.0
MB,15,93677768.0,1278267370.0,Animal/veg fats & oils,1371945138.0
QC,29,1102853237.0,251254458.0,Organic chemicals,1354107695.0
ON,04,973194080.0,369731014.0,Dairy products,1342925094.0
QC,19,552773127.0,781500055.0,Prepared cereals,1334273182.0
QC,21,365491152.0,958619945.0,Misc food preparations,1324111097.0
SK,23,198366967.0,1118942569.0,Food industry residues,1317309536.0
QC,98,56589901.0,1258363940.0,Special transactions (CA),1314953841.0
AB,23,327347247.0,976437770.0,Food industry residues,1303785017.0
ON,63,1103640586.0,199709092.0,Other made-up textiles,1303349678.0
BC,21,678643689.0,594371301.0,Misc food preparations,1273014990.0
SK,85,1073485530.0,148440805.0,Electrical equipment,1221926335.0
ON,81,687956287.0,524262338.0,Other base metals,1212218625.0
ON,31,970601279.0,218271737.0,Fertilizers,1188873016.0
AB,94,838127092.0,347291197.0,Furniture,1185418289.0
QC,12,220470054.0,895549176.0,Oil seeds,1116019230.0
ON,06,438698708.0,668499091.0,Live trees & plants,1107197799.0
BC,38,700274792.0,401893223.0,Misc chemical products,1102168015.0
QC,47,273932897.0,809738607.0,Wood pulp,1083671504.0
BC,79,9087769.0,1074460248.0,Zinc,1083548017.0
ON,86,946085652.0,111152112.0,Railway equipment,1057237764.0
AB,20,198013466.0,855932215.0,Prepared vegetables,1053945681.0
NU,71,0.0,1053772349.0,Precious metals & stones,1053772349.0
MB,73,927808207.0,124228610.0,Articles of iron & steel,1052036817.0
NS,27,1021836258.0,22607238.0,Mineral fuels & oils,1044443496.0
AB,38,737826683.0,303999247.0,Misc chemical products,1041825930.0
QC,83,657459337.0,357041616.0,Miscellaneous metal articles,1014500953.0
NL,75,1025711.0,996071070.0,Nickel,997096781.0
BC,22,916581048.0,79122145.0,Beverages & spirits,995703193.0
BC,20,753699671.0,241196680.0,Prepared vegetables,994896351.0
SK,38,926187213.0,62875829.0,Misc chemical products,989063042.0
NB,84,781382657.0,202566283.0,Machinery & mechanical appliances,983948940.0
QC,03,600422232.0,375521126.0,Fish & seafood,975943358.0
ON,69,907057083.0,68756381.0,Ceramic products,975813464.0
AB,88,757136988.0,200332502.0,Aircraft & spacecraft,957469490.0
ON,24,673537520.0,279150682.0,Tobacco,952688202.0
QC,25,270719656.0,672202219.0,"Salt, sulphur, stone, cement",942921875.0
ON,91,896112020.0,45665406.0,Clocks & watches,941777426.0
QC,95,661098235.0,279407199.0,Toys & sports equipment,940505434.0
MB,90,794433463.0,145271067.0,Optical & medical instruments,939704530.0
QC,32,342711398.0,595495341.0,Tanning & dye extracts,938206739.0
ON,47,302962406.0,624128500.0,Wood pulp,927090906.0
NB,44,114172680.0,802100945.0,Wood & wood articles,916273625.0
BC,40,856673272.0,58183717.0,Rubber,914856989.0
AB,31,484589613.0,422340574.0,Fertilizers,906930187.0
MB,48,581486872.0,317064894.0,Paper & paperboard,898551766.0
ZZ,88,0.0,892477429.0,Aircraft & spacecraft,892477429.0
QC,07,310247950.0,570836096.0,Vegetables,881084046.0
BC,71,491782443.0,379220970.0,Precious metals & stones,871003413.0
QC,79,36739502.0,830243655.0,Zinc,866983157.0
BC,09,751125226.0,111805130.0,"Coffee, tea & spices",862930356.0
ON,56,664158489.0,196295299.0,Wadding & felt,860453788.0
NB,47,77816620.0,770822526.0,Wood pulp,848639146.0
MB,20,97607305.0,747545389.0,Prepared vegetables,845152694.0
AB,40,793691920.0,49734491.0,Rubber,843426411.0
ZZ,28,0.0,841749123.0,Inorganic chemicals,841749123.0
BC,64,813495267.0,6663086.0,Footwear,820158353.0
QC,16,231037461.0,575181969.0,Prepared meat & fish,806219430.0
AB,08,795160737.0,156543.0,Fruit & nuts,795317280.0
NS,85,543689776.0,245764523.0,Electrical equipment,789454299.0
BC,99,485773478.0,301515173.0,Confidential / low-value (CA),787288651.0
ON,59,459295137.0,293052650.0,Coated textiles,752347787.0
NT,71,0.0,738967652.0,Precious metals & stones,738967652.0
MB,94,483387832.0,246738143.0,Furniture,730125975.0
ON,93,410851366.0,310567681.0,Arms & ammunition,721419047.0
QC,68,342715188.0,376634280.0,Stone & cement articles,719349468.0
AB,99,311227682.0,403336493.0,Confidential / low-value (CA),714564175.0
PE,20,114.0,712360336.0,Prepared vegetables,712360450.0
QC,31,656363592.0,51697594.0,Fertilizers,708061186.0
QC,15,454035910.0,253965534.0,Animal/veg fats & oils,708001444.0
MB,88,252583091.0,439114256.0,Aircraft & spacecraft,691697347.0
ZZ,73,0.0,690916089.0,Articles of iron & steel,690916089.0
QC,49,276638888.0,407248190.0,Printed books & media,683887078.0
BC,02,499176591.0,177651683.0,Meat & offal,676828274.0
QC,75,518862386.0,156544195.0,Nickel,675406581.0
SK,39,613112020.0,43421899.0,Plastics,656533919.0
MB,98,5473755.0,646995047.0,Special transactions (CA),652468802.0
QC,81,329935852.0,315586382.0,Other base metals,645522234.0
QC,23,231855707.0,412618147.0,Food industry residues,644473854.0
QC,64,583892523.0,56973127.0,Footwear,640865650.0
QC,70,458193825.0,167331179.0,Glass,625525004.0
ON,89,547364643.0,77376831.0,Ships & boats,624741474.0
NB,48,151912473.0,468355948.0,Paper & paperboard,620268421.0
QC,36,157858281.0,457385294.0,Explosives,615243575.0
ON,11,399956055.0,191597124.0,Milling products,591553179.0
QC,04,478610759.0,109642355.0,Dairy products,588253114.0
MB,29,562979828.0,20739945.0,Organic chemicals,583719773.0
AB,48,289829593.0,281630420.0,Paper & paperboard,571460013.0
BC,68,484151013.0,87115522.0,Stone & cement articles,571266535.0
BC,63,466220640.0,100965320.0,Other made-up textiles,567185960.0
ZZ,39,0.0,565231464.0,Plastics,565231464.0
MB,44,234023840.0,322901384.0,Wood & wood articles,556925224.0
MB,86,506030205.0,49905708.0,Railway equipment,555935913.0
BC,70,456956685.0,86965694.0,Glass,543922379.0
SK,73,519195238.0,22890504.0,Articles of iron & steel,542085742.0
MB,30,139572706.0,398350701.0,Pharmaceuticals,537923407.0
BC,23,270883482.0,262845631.0,Food industry residues,533729113.0
ON,57,514674464.0,17935703.0,Carpets,532610167.0
QC,34,259111719.0,273365708.0,Soap & cleaning products,532477427.0
MB,23,323572534.0,206382664.0,Food industry residues,529955198.0
AB,76,279979888.0,248480852.0,Aluminium,528460740.0
BC,89,472663912.0,51760675.0,Ships & boats,524424587.0
MB,01,20854656.0,498369051.0,Live animals,519223707.0
BC,16,465625837.0,53045411.0,Prepared meat & fish,518671248.0
QC,42,457567095.0,53992363.0,Leather goods,511559458.0
BC,42,494311917.0,16798352.0,Leather goods,511110269.0
NU,26,0.0,508348398.0,"Ores, slag & ash",508348398.0
AB,75,41475800.0,463149414.0,Nickel,504625214.0
BC,82,384805814.0,114657659.0,Tools & cutlery,499463473.0
NB,16,5999700.0,492130726.0,Prepared meat & fish,498130426.0
ZZ,71,0.0,497087680.0,Precious metals & stones,497087680.0
QC,82,350222186.0,142595232.0,Tools & cutlery,492817418.0
BC,33,335896007.0,147561946.0,Cosmetics & perfumes,483457953.0
NB,87,435545169.0,45982499.0,Vehicles,481527668.0
AB,71,391918102.0,86874711.0,Precious metals & stones,478792813.0
SK,11,14891483.0,463455625.0,Milling products,478347108.0
SK,01,232510391.0,240443800.0,Live animals,472954191.0
BC,98,41082945.0,427537504.0,Special transactions (CA),468620449.0
NB,20,27464407.0,439592576.0,Prepared vegetables,467056983.0
BC,15,312273554.0,153070764.0,Animal/veg fats & oils,465344318.0
BC,74,279593177.0,176201764.0,Copper,455794941.0
BC,18,191045872.0,261373615.0,Cocoa & cocoa products,452419487.0
BC,83,402721069.0,45014289.0,Miscellaneous metal articles,447735358.0
QC,63,376434005.0,70091698.0,Other made-up textiles,446525703.0
AB,98,8277820.0,435368050.0,Special transactions (CA),443645870.0
AB,72,210606550.0,231666454.0,Iron & steel,442273004.0
AB,95,418165403.0,21971259.0,Toys & sports equipment,440136662.0
BC,96,436947073.0,2392676.0,Miscellaneous manufactures,439339749.0
ZZ,09,0.0,437946313.0,"Coffee, tea & spices",437946313.0
AB,19,250112662.0,184419864.0,Prepared cereals,434532526.0
BC,12,262862543.0,171112837.0,Oil seeds,433975380.0
MB,40,407832721.0,20458863.0,Rubber,428291584.0
BC,29,380678064.0,45212369.0,Organic chemicals,425890433.0
NS,99,324921145.0,95380863.0,Confidential / low-value (CA),420302008.0
BC,06,163097905.0,255299800.0,Live trees & plants,418397705.0
ZZ,95,0.0,411830505.0,Toys & sports equipment,411830505.0
NS,88,351541194.0,53570500.0,Aircraft & spacecraft,405111694.0
QC,96,170736971.0,228016154.0,Miscellaneous manufactures,398753125.0
AB,30,160923643.0,232041891.0,Pharmaceuticals,392965534.0
ON,65,358685528.0,27832246.0,Headgear,386517774.0
PE,98,1722319.0,384094159.0,Special transactions (CA),385816478.0
ON,54,228798810.0,155655904.0,Man-made filaments,384454714.0
QC,86,269830308.0,107887257.0,Railway equipment,377717565.0
ZZ,27,0.0,375289035.0,Mineral fuels & oils,375289035.0
MB,28,199560485.0,175631529.0,Inorganic chemicals,375192014.0
PE,03,0.0,372860242.0,Fish & seafood,372860242.0
AB,68,274863402.0,94395741.0,Stone & cement articles,369259143.0
MB,72,185095201.0,180483037.0,Iron & steel,365578238.0
ZZ,40,0.0,363037283.0,Rubber,363037283.0
ON,05,155426290.0,207001596.0,Other animal products,362427886.0
BC,10,309262303.0,52589223.0,Cereals,361851526.0
NL,88,352335357.0,5400628.0,Aircraft & spacecraft,357735985.0
NS,73,256350496.0,100334104.0,Articles of iron & steel,356684600.0
ZZ,94,0.0,354127625.0,Furniture,354127625.0
QC,93,182160992.0,171577607.0,Arms & ammunition,353738599.0
AB,34,330821032.0,20509406.0,Soap & cleaning products,351330438.0
AB,70,153608510.0,190323193.0,Glass,343931703.0
MB,49,155976443.0,187486382.0,Printed books & media,343462825.0
SK,72,148084535.0,186750195.0,Iron & steel,334834730.0
NS,48,39835617.0,294445715.0,Paper & paperboard,334281332.0
SK,40,319024888.0,9885112.0,Rubber,328910000.0
BC,34,264299642.0,64493546.0,Soap & cleaning products,328793188.0
BC,49,267191975.0,60481553.0,Printed books & media,327673528.0
QC,10,113796900.0,211813450.0,Cereals,325610350.0
MB,07,96087243.0,228746570.0,Vegetables,324833813.0
AB,11,20729186.0,303167998.0,Milling products,323897184.0
BC,35,209541150.0,114137579.0,Protein substances,323678729.0
PE,84,3331807.0,319214922.0,Machinery & mechanical appliances,322546729.0
MB,34,317816709.0,307218.0,Soap & cleaning products,318123927.0
BC,30,239437880.0,75854238.0,Pharmaceuticals,315292118.0
QC,69,306869848.0,5242743.0,Ceramic products,312112591.0
MB,99,226846179.0,83658721.0,Confidential / low-value (CA),310504900.0
MB,11,26872872.0,282362594.0,Milling products,309235466.0
NB,39,230938740.0,77278356.0,Plastics,308217096.0
ZZ,61,0.0,305940199.0,Knitted apparel,305940199.0
QC,35,205611534.0,96848595.0,Protein substances,302460129.0
BC,32,288029995.0,6855180.0,Tanning & dye extracts,294885175.0
QC,01,103109006.0,191553418.0,Live animals,294662424.0
ON,97,204071176.0,90214868.0,Works of art,294286044.0
ZZ,76,0.0,293628953.0,Aluminium,293628953.0
NU,27,289152239.0,0.0,Mineral fuels & oils,289152239.0
ZZ,62,0.0,286384795.0,Woven apparel,286384795.0
QC,89,174763286.0,111314269.0,Ships & boats,286077555.0
AB,21,245085574.0,39489913.0,Misc food preparations,284575487.0
ZZ,07,0.0,277115337.0,Vegetables,277115337.0
MB,76,186214780.0,89958746.0,Aluminium,276173526.0
BC,17,240893165.0,32975822.0,Sugars,273868987.0
ZZ,83,0.0,273485678.0,Miscellaneous metal articles,273485678.0
NS,90,50238644.0,219632812.0,Optical & medical instruments,269871456.0
AB,81,49907437.0,219083301.0,Other base metals,268990738.0
MB,95,238901714.0,29992046.0,Toys & sports equipment,268893760.0
PE,29,164978069.0,103856134.0,Organic chemicals,268834203.0
AB,86,262079275.0,5383995.0,Railway equipment,267463270.0
NS,44,30550026.0,232328552.0,Wood & wood articles,262878578.0
BC,78,2431302.0,259858366.0,Lead,262289668.0
NS,39,86476217.0,175389060.0,Plastics,261865277.0
SK,47,1234141.0,256398211.0,Wood pulp,257632352.0
BC,69,256537960.0,811084.0,Ceramic products,257349044.0
QC,59,115609197.0,140877566.0,Coated textiles,256486763.0
SK,44,44654397.0,211639297.0,Wood & wood articles,256293694.0
BC,04,209428461.0,45039420.0,Dairy products,254467881.0
QC,78,10919947.0,236344976.0,Lead,247264923.0
AB,82,200265353.0,45445410.0,Tools & cutlery,245710763.0
NB,85,197899249.0,47370009.0,Electrical equipment,245269258.0
ON,13,206678242.0,35300176.0,Resins & gums,241978418.0
MB,19,164619368.0,77338327.0,Prepared cereals,241957695.0
QC,56,158423588.0,80770166.0,Wadding & felt,239193754.0
AB,33,219997609.0,18375501.0,Cosmetics & perfumes,238373110.0
YT,26,14000.0,231293268.0,"Ores, slag & ash",231307268.0
MB,25,224543232.0,3614634.0,"Salt, sulphur, stone, cement",228157866.0
QC,54,180805032.0,46993327.0,Man-made filaments,227798359.0
ZZ,18,0.0,221843997.0,Cocoa & cocoa products,221843997.0
SK,29,214880481.0,6292714.0,Organic chemicals,221173195.0
ZZ,72,0.0,219320536.0,Iron & steel,219320536.0
ZZ,29,0.0,219205182.0,Organic chemicals,219205182.0
QC,06,128017158.0,87262376.0,Live trees & plants,215279534.0
MB,32,211352556.0,2614989.0,Tanning & dye extracts,213967545.0
NS,08,32162556.0,181676245.0,Fruit & nuts,213838801.0
MB,83,189748379.0,19128320.0,Miscellaneous metal articles,208876699.0
SK,34,190912682.0,12055632.0,Soap & cleaning products,202968314.0
ON,92,167360878.0,35475868.0,Musical instruments,202836746.0
SK,90,176241825.0,23873430.0,Optical & medical instruments,200115255.0
ON,55,192504086.0,7511659.0,Man-made staple fibres,200015745.0
BC,93,121471862.0,76462750.0,Arms & ammunition,197934612.0
MB,35,80779364.0,112248937.0,Protein substances,193028301.0
AB,83,171139033.0,21753355.0,Miscellaneous metal articles,192892388.0
NS,16,2272056.0,189480092.0,Prepared meat & fish,191752148.0
AB,62,183032827.0,8550131.0,Woven apparel,191582958.0
NS,22,189852775.0,1139442.0,Beverages & spirits,190992217.0
AB,61,157535670.0,32338541.0,Knitted apparel,189874211.0
BC,11,101647327.0,87396534.0,Milling products,189043861.0
BC,31,62139293.0,121834628.0,Fertilizers,183973921.0
ZZ,64,0.0,182140622.0,Footwear,182140622.0
PE,07,0.0,181976062.0,Vegetables,181976062.0
ON,78,20942713.0,160848456.0,Lead,181791169.0
ON,58,127290496.0,54411249.0,Special woven fabrics,181701745.0
NS,61,178436273.0,2328350.0,Knitted apparel,180764623.0
QC,55,131455812.0,48265404.0,Man-made staple fibres,179721216.0
MB,16,118478186.0,57967765.0,Prepared meat & fish,176445951.0
ZZ,75,0.0,172107094.0,Nickel,172107094.0
SK,94,146166519.0,25828686.0,Furniture,171995205.0
MB,68,161953390.0,9026113.0,Stone & cement articles,170979503.0
NS,72,83362773.0,87370840.0,Iron & steel,170733613.0
AB,63,153033005.0,17041330.0,Other made-up textiles,170074335.0
BC,01,132282011.0,36452513.0,Live animals,168734524.0
AB,05,12713964.0,154649811.0,Other animal products,167363775.0
MB,82,152997408.0,10362875.0,Tools & cutlery,163360283.0
ZZ,42,0.0,162495953.0,Leather goods,162495953.0
QC,11,48575106.0,113102169.0,Milling products,161677275.0
NB,73,125333633.0,34056252.0,Articles of iron & steel,159389885.0
ZZ,82,0.0,154415064.0,Tools & cutlery,154415064.0
NB,40,152160357.0,880759.0,Rubber,153041116.0
NB,96,7235036.0,144757263.0,Miscellaneous manufactures,151992299.0
MB,21,140439545.0,8967724.0,Misc food preparations,149407269.0
MB,33,148864134.0,479211.0,Cosmetics & perfumes,149343345.0
MB,62,111805834.0,36675994.0,Woven apparel,148481828.0
QC,65,114867898.0,32765771.0,Headgear,147633669.0
SK,95,144848164.0,952162.0,Toys & sports equipment,145800326.0
ZZ,38,0.0,145625056.0,Misc chemical products,145625056.0
BC,86,138178691.0,6971808.0,Railway equipment,145150499.0
NS,25,22202438.0,122471121.0,"Salt, sulphur, stone, cement",144673559.0
ZZ,97,0.0,142845319.0,Works of art,142845319.0
NL,81,2378382.0,139527017.0,Other base metals,141905399.0
AB,16,91075419.0,50334939.0,Prepared meat & fish,141410358.0
NB,28,89027283.0,51174220.0,Inorganic chemicals,140201503.0
ZZ,33,0.0,137514612.0,Cosmetics & perfumes,137514612.0
QC,97,96250345.0,40897863.0,Works of art,137148208.0
BC,57,136129001.0,306255.0,Carpets,136435256.0
NB,90,66322909.0,70030912.0,Optical & medical instruments,136353821.0
MB,70,124013056.0,9765368.0,Glass,133778424.0
MB,57,133544299.0,23698.0,Carpets,133567997.0
NL,89,129285999.0,1394527.0,Ships & boats,130680526.0
NS,33,130024776.0,91632.0,Cosmetics & perfumes,130116408.0
ZZ,15,0.0,127739069.0,Animal/veg fats & oils,127739069.0
ON,67,126418548.0,1035389.0,Feathers & artificial flowers,127453937.0
SK,76,81730594.0,44775463.0,Aluminium,126506057.0
BC,65,124086543.0,1774918.0,Headgear,125861461.0
MB,22,97720477.0,27526858.0,Beverages & spirits,125247335.0
ZZ,17,0.0,124567911.0,Sugars,124567911.0
BC,97,60630148.0,62012224.0,Works of art,122642372.0
SK,16,118796519.0,3764136.0,Prepared meat & fish,122560655.0
SK,25,51371722.0,71187717.0,"Salt, sulphur, stone, cement",122559439.0
ZZ,70,0.0,120473164.0,Glass,120473164.0
NS,19,28793073.0,90940123.0,Prepared cereals,119733196.0
ZZ,48,0.0,119252739.0,Paper & paperboard,119252739.0
SK,89,119062457.0,48676.0,Ships & boats,119111133.0
NL,84,113147905.0,5863087.0,Machinery & mechanical appliances,119010992.0
SK,26,3895581.0,114454232.0,"Ores, slag & ash",118349813.0
PE,38,1969453.0,115676647.0,Misc chemical products,117646100.0
NS,15,31488291.0,85683061.0,Animal/veg fats & oils,117171352.0
MB,08,116674765.0,39006.0,Fruit & nuts,116713771.0
SK,19,109943934.0,6589789.0,Prepared cereals,116533723.0
NS,76,59659423.0,54190499.0,Aluminium,113849922.0
ZZ,32,0.0,111243940.0,Tanning & dye extracts,111243940.0
NS,89,106318181.0,4456390.0,Ships & boats,110774571.0
ON,79,94872688.0,14586306.0,Zinc,109458994.0
ZZ,21,0.0,109086929.0,Misc food preparations,109086929.0
BC,92,88163404.0,20851158.0,Musical instruments,109014562.0
QC,80,72320337.0,36306960.0,Tin,108627297.0
ZZ,03,0.0,108526124.0,Fish & seafood,108526124.0
AB,42,99075384.0,8688190.0,Leather goods,107763574.0
QC,57,93508941.0,12760709.0,Carpets,106269650.0
NS,62,105603338.0,551723.0,Woven apparel,106155061.0
ON,37,97829622.0,7735393.0,Photographic goods,105565015.0
SK,99,20169513.0,83507532.0,Confidential / low-value (CA),103677045.0
SK,33,103394858.0,88717.0,Cosmetics & perfumes,103483575.0
SK,21,87483830.0,14552579.0,Misc food preparations,102036409.0
ZZ,44,0.0,101783890.0,Wood & wood articles,101783890.0
NB,23,34513032.0,66818246.0,Food industry residues,101331278.0
ON,36,89997317.0,10084513.0,Explosives,100081830.0
NB,07,50644043.0,49093314.0,Vegetables,99737357.0
NL,73,97179230.0,2552874.0,Articles of iron & steel,99732104.0
NS,31,5472800.0,93351339.0,Fertilizers,98824139.0
BC,56,93311060.0,4091800.0,Wadding & felt,97402860.0
MB,04,61533631.0,34724740.0,Dairy products,96258371.0
ZZ,19,0.0,95109372.0,Prepared cereals,95109372.0
ZZ,74,0.0,94916621.0,Copper,94916621.0
SK,88,91124050.0,2794713.0,Aircraft & spacecraft,93918763.0
AB,96,86200326.0,7473685.0,Miscellaneous manufactures,93674011.0
ZZ,63,0.0,92408469.0,Other made-up textiles,92408469.0
QC,60,65102902.0,26978995.0,Knitted fabrics,92081897.0
ON,60,71223346.0,20590315.0,Knitted fabrics,91813661.0
MB,74,67210119.0,23636113.0,Copper,90846232.0
AB,74,57613909.0,33165662.0,Copper,90779571.0
SK,48,89463363.0,482134.0,Paper & paperboard,89945497.0
NB,15,84177863.0,5568849.0,Animal/veg fats & oils,89746712.0
MB,96,84186256.0,5021929.0,Miscellaneous manufactures,89208185.0
MB,61,83879838.0,4775764.0,Knitted apparel,88655602.0
BC,91,81931643.0,6697645.0,Clocks & watches,88629288.0
NL,99,33661479.0,54794197.0,Confidential / low-value (CA),88455676.0
PE,21,41817.0,88151267.0,Misc food preparations,88193084.0
AB,69,86247327.0,1477580.0,Ceramic products,87724907.0
BC,81,56320318.0,31192378.0,Other base metals,87512696.0
ON,80,81968999.0,4681434.0,Tin,86650433.0
AB,03,85243719.0,431256.0,Fish & seafood,85674975.0
NB,99,7000657.0,78350636.0,Confidential / low-value (CA),85351293.0
BC,05,58367087.0,26313631.0,Other animal products,84680718.0
NB,08,79499662.0,4520111.0,Fruit & nuts,84019773.0
BC,59,79558694.0,3826550.0,Coated textiles,83385244.0
PE,16,0.0,80228557.0,Prepared meat & fish,80228557.0
QC,05,33323446.0,46600483.0,Other animal products,79923929.0
AB,32,70775270.0,8578746.0,Tanning & dye extracts,79354016.0
NB,94,58883729.0,20144814.0,Furniture,79028543.0
ZZ,89,0.0,78733649.0,Ships & boats,78733649.0
MB,26,24340573.0,54337940.0,"Ores, slag & ash",78678513.0
NB,22,73481825.0,4634179.0,Beverages & spirits,78116004.0
AB,17,52148482.0,25343488.0,Sugars,77491970.0
MB,63,65510382.0,10012351.0,Other made-up textiles,75522733.0
AB,09,74383518.0,313370.0,"Coffee, tea & spices",74696888.0
BC,13,70539419.0,3868825.0,Resins & gums,74408244.0
ZZ,91,0.0,74086781.0,Clocks & watches,74086781.0
SK,04,17150470.0,56892775.0,Dairy products,74043245.0
SK,86,73069896.0,849740.0,Railway equipment,73919636.0
ZZ,31,0.0,73394730.0,Fertilizers,73394730.0
ZZ,81,0.0,73078361.0,Other base metals,73078361.0
AB,41,1724468.0,70340537.0,Raw hides & skins,72065005.0
ON,41,31680796.0,39991757.0,Raw hides & skins,71672553.0
QC,51,70200164.0,1073173.0,Wool,71273337.0
NS,21,39781526.0,30589728.0,Misc food preparations,70371254.0
NB,38,63148365.0,6718786.0,Misc chemical products,69867151.0
NL,25,8118678.0,61445267.0,"Salt, sulphur, stone, cement",69563945.0
MB,89,69221938.0,213088.0,Ships & boats,69435026.0
NS,05,63743554.0,5484849.0,Other animal products,69228403.0
SK,30,48960747.0,20259208.0,Pharmaceuticals,69219955.0
NB,19,45658075.0,23367430.0,Prepared cereals,69025505.0
MB,56,67136002.0,1678166.0,Wadding & felt,68814168.0
QC,91,63525414.0,4884656.0,Clocks & watches,68410070.0
AB,49,53162288.0,15099981.0,Printed books & media,68262269.0
ZZ,20,0.0,68194469.0,Prepared vegetables,68194469.0
NB,25,18503857.0,49466582.0,"Salt, sulphur, stone, cement",67970439.0
QC,13,56035478.0,10639199.0,Resins & gums,66674677.0
SK,68,65938819.0,600714.0,Stone & cement articles,66539533.0
NS,94,59835027.0,6621184.0,Furniture,66456211.0
NL,16,26.0,66331038.0,Prepared meat & fish,66331064.0
NU,88,66295793.0,14664.0,Aircraft & spacecraft,66310457.0
SK,02,60638203.0,5371644.0,Meat & offal,66009847.0
ON,52,60679843.0,5107418.0,Cotton,65787261.0
QC,41,43424617.0,20969560.0,Raw hides & skins,64394177.0
ZZ,96,0.0,64338550.0,Miscellaneous manufactures,64338550.0
AB,04,40329470.0,22710640.0,Dairy products,63040110.0
MB,71,34555712.0,28330858.0,Precious metals & stones,62886570.0
ZZ,08,0.0,62741714.0,Fruit & nuts,62741714.0
NB,06,9685388.0,52870909.0,Live trees & plants,62556297.0
AB,18,46680449.0,15668073.0,Cocoa & cocoa products,62348522.0
MB,03,6689728.0,55472635.0,Fish & seafood,62162363.0
ZZ,49,0.0,61182429.0,Printed books & media,61182429.0
AB,93,59721148.0,522413.0,Arms & ammunition,60243561.0
QC,24,55313476.0,2583270.0,Tobacco,57896746.0
ON,43,15056408.0,41481885.0,Furskins,56538293.0
ZZ,69,0.0,56404033.0,Ceramic products,56404033.0
NL,48,6693757.0,49652427.0,Paper & paperboard,56346184.0
PE,31,56171780.0,0.0,Fertilizers,56171780.0
NB,31,15256448.0,40859468.0,Fertilizers,56115916.0
NB,17,3753788.0,51375788.0,Sugars,55129576.0
SK,83,54537212.0,572977.0,Miscellaneous metal articles,55110189.0
ZZ,34,0.0,54963373.0,Soap & cleaning products,54963373.0
AB,64,51956869.0,2786909.0,Footwear,54743778.0
SK,08,54381730.0,140507.0,Fruit & nuts,54522237.0
ZZ,68,0.0,54373842.0,Stone & cement articles,54373842.0
NS,26,274355.0,54046033.0,"Ores, slag & ash",54320388.0
BC,54,54088512.0,138139.0,Man-made filaments,54226651.0
AB,89,42189201.0,11951271.0,Ships & boats,54140472.0
NS,38,14731418.0,37502026.0,Misc chemical products,52233444.0
SK,49,50794017.0,337553.0,Printed books & media,51131570.0
AB,59,32270541.0,18421463.0,Coated textiles,50692004.0
SK,32,50497849.0,88190.0,Tanning & dye extracts,50586039.0
NS,56,40475061.0,9833775.0,Wadding & felt,50308836.0
NB,68,40580128.0,9495429.0,Stone & cement articles,50075557.0
PE,08,0.0,49676564.0,Fruit & nuts,49676564.0
AB,56,48546933.0,737489.0,Wadding & felt,49284422.0
SK,20,44061863.0,5118815.0,Prepared vegetables,49180678.0
AB,36,37996346.0,10947366.0,Explosives,48943712.0
NB,12,15786444.0,32845264.0,Oil seeds,48631708.0
QC,58,26560125.0,21830145.0,Special woven fabrics,48390270.0
NL,90,19905680.0,28092770.0,Optical & medical instruments,47998450.0
ON,66,47282231.0,549620.0,Umbrellas,47831851.0
NT,27,47636388.0,0.0,Mineral fuels & oils,47636388.0
SK,82,44074549.0,3030099.0,Tools & cutlery,47104648.0
MB,05,14947508.0,32034393.0,Other animal products,46981901.0
NS,74,13963983.0,32500483.0,Copper,46464466.0
QC,92,27282375.0,19071859.0,Musical instruments,46354234.0
MB,42,42071810.0,4280303.0,Leather goods,46352113.0
PE,48,91024.0,46014392.0,Paper & paperboard,46105416.0
ZZ,12,0.0,45938248.0,Oil seeds,45938248.0
PE,30,1148527.0,43449922.0,Pharmaceuticals,44598449.0
NB,76,29664628.0,14396222.0,Aluminium,44060850.0
NL,28,43531738.0,31680.0,Inorganic chemicals,43563418.0
SK,70,38733719.0,4360329.0,Glass,43094048.0
ON,51,27214701.0,15741079.0,Wool,42955780.0
AB,35,38461540.0,2965839.0,Protein substances,41427379.0
AB,65,39316611.0,2056607.0,Headgear,41373218.0
ZZ,59,0.0,41248230.0,Coated textiles,41248230.0
MB,64,40911894.0,282455.0,Footwear,41194349.0
ZZ,86,0.0,41167643.0,Railway equipment,41167643.0
YT,84,37389570.0,3282323.0,Machinery & mechanical appliances,40671893.0
SK,22,39614484.0,859055.0,Beverages & spirits,40473539.0
BC,67,40013820.0,368327.0,Feathers & artificial flowers,40382147.0
ZZ,93,0.0,40343314.0,Arms & ammunition,40343314.0
NS,59,7384718.0,31691932.0,Coated textiles,39076650.0
MB,36,38033911.0,591603.0,Explosives,38625514.0
AB,26,1226707.0,36979325.0,"Ores, slag & ash",38206032.0
NB,70,30046337.0,7676209.0,Glass,37722546.0
NB,89,32573210.0,5126558.0,Ships & boats,37699768.0
NS,12,1375136.0,36288708.0,Oil seeds,37663844.0
AB,57,37389684.0,34501.0,Carpets,37424185.0
QC,52,35618602.0,1697832.0,Cotton,37316434.0
BC,24,37192055.0,44174.0,Tobacco,37236229.0
NB,56,35709008.0,1503437.0,Wadding & felt,37212445.0
NS,07,3202823.0,33958999.0,Vegetables,37161822.0
NS,28,36354476.0,596835.0,Inorganic chemicals,36951311.0
ZZ,65,0.0,36939395.0,Headgear,36939395.0
NS,86,36034435.0,74929.0,Railway equipment,36109364.0
NS,30,19807346.0,16013424.0,Pharmaceuticals,35820770.0
NS,20,13949738.0,21669571.0,Prepared vegetables,35619309.0
ZZ,54,0.0,34492778.0,Man-made filaments,34492778.0
MB,75,30840108.0,3586222.0,Nickel,34426330.0
NB,83,22111712.0,12159031.0,Miscellaneous metal articles,34270743.0
MB,18,31657351.0,2504800.0,Cocoa & cocoa products,34162151.0
NS,23,8207327.0,25266741.0,Food industry residues,33474068.0
NB,88,25802397.0,7499401.0,Aircraft & spacecraft,33301798.0
MB,06,32357577.0,774147.0,Live trees & plants,33131724.0
SK,35,32310415.0,194295.0,Protein substances,32504710.0
ZZ,35,0.0,32333289.0,Protein substances,32333289.0
ON,46,32025192.0,104213.0,Basketware,32129405.0
ON,53,31374662.0,656436.0,Vegetable textile fibres,32031098.0
BC,75,30985081.0,909210.0,Nickel,31894291.0
NB,11,10794026.0,20843762.0,Milling products,31637788.0
MB,17,24953885.0,6192630.0,Sugars,31146515.0
AB,97,14977766.0,16165812.0,Works of art,31143578.0
YT,03,31062410.0,0.0,Fish & seafood,31062410.0
ZZ,10,0.0,30778144.0,Cereals,30778144.0
ZZ,25,0.0,30680770.0,"Salt, sulphur, stone, cement",30680770.0
NS,29,21841240.0,8606760.0,Organic chemicals,30448000.0
ZZ,36,0.0,30034806.0,Explosives,30034806.0
AB,91,26950435.0,2572307.0,Clocks & watches,29522742.0
BC,66,28921318.0,331074.0,Umbrellas,29252392.0
PE,85,265739.0,28480011.0,Electrical equipment,28745750.0
ZZ,56,0.0,28694491.0,Wadding & felt,28694491.0
NS,35,7275716.0,21205633.0,Protein substances,28481349.0
MB,69,28304456.0,35856.0,Ceramic products,28340312.0
NB,32,27912024.0,72940.0,Tanning & dye extracts,27984964.0
NL,72,2752240.0,25219933.0,Iron & steel,27972173.0
NB,74,27857404.0,91551.0,Copper,27948955.0
SK,62,24998538.0,2301136.0,Woven apparel,27299674.0
NL,44,111525.0,27182675.0,Wood & wood articles,27294200.0
MB,59,26734259.0,246207.0,Coated textiles,26980466.0
NS,18,26736545.0,152129.0,Cocoa & cocoa products,26888674.0
SK,74,17958842.0,8665617.0,Copper,26624459.0
NS,06,2761679.0,23647825.0,Live trees & plants,26409504.0
BC,36,20455581.0,5860836.0,Explosives,26316417.0
MB,58,8482694.0,16963754.0,Special woven fabrics,25446448.0
MB,65,24471787.0,908451.0,Headgear,25380238.0
AB,13,20237273.0,5097030.0,Resins & gums,25334303.0
BC,52,24872021.0,154095.0,Cotton,25026116.0
NS,71,5359664.0,19255237.0,Precious metals & stones,24614901.0
NB,05,15710820.0,8763394.0,Other animal products,24474214.0
MB,09,23836102.0,456278.0,"Coffee, tea & spices",24292380.0
NB,34,13357511.0,10460165.0,Soap & cleaning products,23817676.0
SK,56,23405179.0,18123.0,Wadding & felt,23423302.0
QC,67,16237861.0,7177215.0,Feathers & artificial flowers,23415076.0
SK,18,22884723.0,16967.0,Cocoa & cocoa products,22901690.0
SK,36,22143209.0,21439.0,Explosives,22164648.0
NL,85,14430913.0,7721273.0,Electrical equipment,22152186.0
NS,54,21947423.0,52096.0,Man-made filaments,21999519.0
NS,83,4971896.0,16791260.0,Miscellaneous metal articles,21763156.0
ZZ,13,0.0,21605706.0,Resins & gums,21605706.0
SK,63,21128831.0,229691.0,Other made-up textiles,21358522.0
NB,92,2873095.0,18367394.0,Musical instruments,21240489.0
NS,68,13126489.0,8106059.0,Stone & cement articles,21232548.0
ZZ,60,0.0,21097531.0,Knitted fabrics,21097531.0
MB,93,19404346.0,1352668.0,Arms & ammunition,20757014.0
AB,06,17118093.0,3553341.0,Live trees & plants,20671434.0
ON,14,15585685.0,5076392.0,Vegetable materials,20662077.0
ZZ,22,0.0,20562940.0,Beverages & spirits,20562940.0
BC,60,20461423.0,42530.0,Knitted fabrics,20503953.0
BC,55,19695393.0,629702.0,Man-made staple fibres,20325095.0
MB,55,20177484.0,60489.0,Man-made staple fibres,20237973.0
AB,54,19808571.0,398559.0,Man-made filaments,20207130.0
NS,63,9183053.0,10998266.0,Other made-up textiles,20181319.0
NB,21,11655503.0,8323655.0,Misc food preparations,19979158.0
ZZ,57,0.0,19767794.0,Carpets,19767794.0
MB,81,19212823.0,523936.0,Other base metals,19736759.0
SK,69,19710403.0,16550.0,Ceramic products,19726953.0
ZZ,41,0.0,19553260.0,Raw hides & skins,19553260.0
AB,60,18948632.0,77780.0,Knitted fabrics,19026412.0
SK,59,17674080.0,789032.0,Coated textiles,18463112.0
SK,54,17067444.0,918730.0,Man-made filaments,17986174.0
SK,09,11526710.0,6291234.0,"Coffee, tea & spices",17817944.0
PE,87,4599.0,17732593.0,Vehicles,17737192.0
MB,13,6197758.0,11487773.0,Resins & gums,17685531.0
NB,63,15160674.0,2302098.0,Other made-up textiles,17462772.0
SK,93,7134843.0,10303345.0,Arms & ammunition,17438188.0
MB,47,7674764.0,9717871.0,Wood pulp,17392635.0
NL,71,1497.0,17074361.0,Precious metals & stones,17075858.0
NS,47,6258333.0,10694675.0,Wood pulp,16953008.0
SK,06,16685604.0,153501.0,Live trees & plants,16839105.0
ZZ,23,0.0,16444948.0,Food industry residues,16444948.0
NL,61,78121.0,16118289.0,Knitted apparel,16196410.0
QC,66,15553900.0,581063.0,Umbrellas,16134963.0
QC,43,8203698.0,7715091.0,Furskins,15918789.0
NS,69,15875904.0,24267.0,Ceramic products,15900171.0
SK,17,15190558.0,705326.0,Sugars,15895884.0
SK,96,15868242.0,11196.0,Miscellaneous manufactures,15879438.0
BC,58,15554779.0,250504.0,Special woven fabrics,15805283.0
ZZ,58,0.0,15674919.0,Special woven fabrics,15674919.0
MB,54,15476150.0,100194.0,Man-made filaments,15576344.0
PE,34,62444.0,15504320.0,Soap & cleaning products,15566764.0
SK,61,14972789.0,546363.0,Knitted apparel,15519152.0
PE,99,0.0,15439505.0,Confidential / low-value (CA),15439505.0
YT,90,12366354.0,2872750.0,Optical & medical instruments,15239104.0
NB,29,12994957.0,2037265.0,Organic chemicals,15032222.0
ON,45,13757394.0,550062.0,Cork,14307456.0
NB,30,14029724.0,52835.0,Pharmaceuticals,14082559.0
NS,95,6199798.0,7880484.0,Toys & sports equipment,14080282.0
NB,72,9324048.0,4493351.0,Iron & steel,13817399.0
NB,33,13168413.0,272438.0,Cosmetics & perfumes,13440851.0
NB,95,11453404.0,1908088.0,Toys & sports equipment,13361492.0
QC,53,12702030.0,648399.0,Vegetable textile fibres,13350429.0
BC,46,13087551.0,221265.0,Basketware,13308816.0
MB,60,13288647.0,11618.0,Knitted fabrics,13300265.0
PE,15,0.0,13269978.0,Animal/veg fats & oils,13269978.0
ZZ,16,0.0,12383128.0,Prepared meat & fish,12383128.0
NS,32,8037629.0,4343234.0,Tanning & dye extracts,12380863.0
NB,98,552425.0,11718273.0,Special transactions (CA),12270698.0
BC,53,11967691.0,229118.0,Vegetable textile fibres,12196809.0
NS,02,0.0,11986134.0,Meat & offal,11986134.0
NS,70,9892039.0,1897606.0,Glass,11789645.0
SK,81,7705360.0,3931765.0,Other base metals,11637125.0
NB,62,11419220.0,98568.0,Woven apparel,11517788.0
PE,35,6485.0,11453226.0,Protein substances,11459711.0
NB,10,10926298.0,90934.0,Cereals,11017232.0
ZZ,04,0.0,10971000.0,Dairy products,10971000.0
ZZ,92,0.0,10969531.0,Musical instruments,10969531.0
PE,39,6541692.0,4276569.0,Plastics,10818261.0
BC,14,10589539.0,18808.0,Vegetable materials,10608347.0
ZZ,02,0.0,10351060.0,Meat & offal,10351060.0
SK,75,10013053.0,19476.0,Nickel,10032529.0
ZZ,52,0.0,9848822.0,Cotton,9848822.0
ZZ,55,0.0,9831441.0,Man-made staple fibres,9831441.0
NB,82,7919957.0,1793832.0,Tools & cutlery,9713789.0
SK,13,8758418.0,366357.0,Resins & gums,9124775.0
AB,67,8432281.0,319115.0,Feathers & artificial flowers,8751396.0
NB,35,8678597.0,26314.0,Protein substances,8704911.0
AB,24,8493635.0,57636.0,Tobacco,8551271.0
BC,51,7718307.0,758584.0,Wool,8476891.0
NL,87,539861.0,7828915.0,Vehicles,8368776.0
ZZ,06,0.0,8308140.0,Live trees & plants,8308140.0
NS,81,7803169.0,481476.0,Other base metals,8284645.0
SK,03,6694756.0,1560573.0,Fish & seafood,8255329.0
NB,57,8108945.0,107021.0,Carpets,8215966.0
NS,98,1262941.0,6547974.0,Special transactions (CA),7810915.0
QC,46,7792055.0,2703.0,Basketware,7794758.0
NS,34,2294807.0,5412712.0,Soap & cleaning products,7707519.0
ZZ,43,0.0,7514045.0,Furskins,7514045.0
NS,64,7291488.0,35564.0,Footwear,7327052.0
MB,66,820747.0,6334011.0,Umbrellas,7154758.0
SK,57,7124591.0,1623.0,Carpets,7126214.0
QC,37,6858716.0,257105.0,Photographic goods,7115821.0
AB,58,6800107.0,289758.0,Special woven fabrics,7089865.0
ZZ,05,0.0,7086433.0,Other animal products,7086433.0
SK,71,4202238.0,2879280.0,Precious metals & stones,7081518.0
PE,90,2099873.0,4979534.0,Optical & medical instruments,7079407.0
NS,43,153.0,7032211.0,Furskins,7032364.0
MB,92,6274651.0,742701.0,Musical instruments,7017352.0
MB,91,6590537.0,403522.0,Clocks & watches,6994059.0
NL,76,440620.0,6549429.0,Aluminium,6990049.0
NB,59,6579162.0,370285.0,Coated textiles,6949447.0
AB,92,6724936.0,190417.0,Musical instruments,6915353.0
NB,71,4771133.0,2142527.0,Precious metals & stones,6913660.0
MB,41,4400041.0,2501394.0,Raw hides & skins,6901435.0
BC,45,6651623.0,33074.0,Cork,6684697.0
NB,18,5344760.0,1168480.0,Cocoa & cocoa products,6513240.0
NB,61,6390876.0,56168.0,Knitted apparel,6447044.0
ZZ,11,0.0,6425887.0,Milling products,6425887.0
QC,45,6152140.0,188208.0,Cork,6340348.0
BC,43,3622576.0,2693714.0,Furskins,6316290.0
NB,86,6219833.0,80285.0,Railway equipment,6300118.0
SK,64,6275465.0,22570.0,Footwear,6298035.0
SK,98,3540695.0,2636075.0,Special transactions (CA),6176770.0
NS,36,5945400.0,141976.0,Explosives,6087376.0
YT,87,6000051.0,33931.0,Vehicles,6033982.0
SK,92,2503744.0,3511686.0,Musical instruments,6015430.0
NL,94,3229821.0,2641629.0,Furniture,5871450.0
NL,39,4799266.0,1070548.0,Plastics,5869814.0
ZZ,26,0.0,5866274.0,"Ores, slag & ash",5866274.0
ZZ,24,0.0,5674572.0,Tobacco,5674572.0
NS,82,4789994.0,871776.0,Tools & cutlery,5661770.0
MB,43,2483335.0,3030196.0,Furskins,5513531.0
NS,91,100628.0,5383687.0,Clocks & watches,5484315.0
SK,05,4095470.0,1383208.0,Other animal products,5478678.0
NB,69,5422913.0,13373.0,Ceramic products,5436286.0
SK,42,5334666.0,79582.0,Leather goods,5414248.0
NS,92,144536.0,5144506.0,Musical instruments,5289042.0
PE,23,0.0,5219248.0,Food industry residues,5219248.0
SK,60,5151939.0,0.0,Knitted fabrics,5151939.0
NB,49,3669240.0,1421120.0,Printed books & media,5090360.0
AB,66,5045604.0,16999.0,Umbrellas,5062603.0
PE,11,0.0,5056694.0,Milling products,5056694.0
BC,41,4441544.0,608027.0,Raw hides & skins,5049571.0
PE,06,0.0,5020554.0,Live trees & plants,5020554.0
ZZ,45,0.0,4949294.0,Cork,4949294.0
NB,01,3268086.0,1531068.0,Live animals,4799154.0
ZZ,47,0.0,4790807.0,Wood pulp,4790807.0
ZZ,80,0.0,4749086.0,Tin,4749086.0
NS,09,4639364.0,17442.0,"Coffee, tea & spices",4656806.0
MB,52,4126083.0,488664.0,Cotton,4614747.0
NS,17,3706378.0,635596.0,Sugars,4341974.0
YT,71,0.0,4300119.0,Precious metals & stones,4300119.0
NL,05,2839801.0,1435923.0,Other animal products,4275724.0
NS,42,3896148.0,342282.0,Leather goods,4238430.0
NL,38,4222418.0,8947.0,Misc chemical products,4231365.0
MB,79,2297385.0,1765107.0,Zinc,4062492.0
NL,56,3189463.0,857887.0,Wadding & felt,4047350.0
NL,40,3941212.0,74879.0,Rubber,4016091.0
ZZ,51,0.0,4009447.0,Wool,4009447.0
SK,65,3985790.0,19585.0,Headgear,4005375.0
YT,88,3896775.0,100178.0,Aircraft & spacecraft,3996953.0
MB,53,3630418.0,352686.0,Vegetable textile fibres,3983104.0
AB,53,3863118.0,103997.0,Vegetable textile fibres,3967115.0
AB,55,3940749.0,19823.0,Man-made staple fibres,3960572.0
MB,46,1651749.0,2300410.0,Basketware,3952159.0
NB,54,3889760.0,41788.0,Man-made filaments,3931548.0
NL,43,786.0,3909332.0,Furskins,3910118.0
NL,23,1589930.0,2293077.0,Food industry residues,3883007.0
NB,04,3091813.0,781281.0,Dairy products,3873094.0
MB,97,2876609.0,944026.0,Works of art,3820635.0
PE,73,850576.0,2913568.0,Articles of iron & steel,3764144.0
PE,89,0.0,3748215.0,Ships & boats,3748215.0
ZZ,79,0.0,3639609.0,Zinc,3639609.0
MB,24,3579378.0,31656.0,Tobacco,3611034.0
BC,37,3549530.0,55958.0,Photographic goods,3605488.0
NS,97,3026077.0,501811.0,Works of art,3527888.0
AB,37,2650036.0,809256.0,Photographic goods,3459292.0
ZZ,53,0.0,3360937.0,Vegetable textile fibres,3360937.0
NS,93,3286279.0,71262.0,Arms & ammunition,3357541.0
NU,25,3356061.0,0.0,"Salt, sulphur, stone, cement",3356061.0
ZZ,67,0.0,3278461.0,Feathers & artificial flowers,3278461.0
AB,52,3207162.0,10281.0,Cotton,3217443.0
NS,10,3187476.0,6580.0,Cereals,3194056.0
NS,11,514905.0,2309294.0,Milling products,2824199.0
NS,65,612002.0,2191027.0,Headgear,2803029.0
PE,02,0.0,2731488.0,Meat & offal,2731488.0
AB,46,2349685.0,354359.0,Basketware,2704044.0
ON,50,2513776.0,147212.0,Silk,2660988.0
NL,70,2468598.0,154617.0,Glass,2623215.0
PE,76,55708.0,2475620.0,Aluminium,2531328.0
NS,60,1373751.0,1104935.0,Knitted fabrics,2478686.0
PE,05,109712.0,2348317.0,Other animal products,2458029.0
AB,78,1657545.0,761134.0,Lead,2418679.0
NS,01,490.0,2387602.0,Live animals,2388092.0
AB,14,2337651.0,44559.0,Vegetable materials,2382210.0
PE,04,0.0,2367886.0,Dairy products,2367886.0
BC,80,1768317.0,573701.0,Tin,2342018.0
NB,93,2291727.0,250.0,Arms & ammunition,2291977.0
NB,09,1961523.0,327531.0,"Coffee, tea & spices",2289054.0
NS,57,2230863.0,21515.0,Carpets,2252378.0
NB,80,2220180.0,7866.0,Tin,2228046.0
NL,98,1909677.0,278240.0,Special transactions (CA),2187917.0
YT,82,158078.0,2002267.0,Tools & cutlery,2160345.0
YT,85,2072076.0,63494.0,Electrical equipment,2135570.0
NL,30,35594.0,2055999.0,Pharmaceuticals,2091593.0
QC,14,1763231.0,285082.0,Vegetable materials,2048313.0
ZZ,66,0.0,1991915.0,Umbrellas,1991915.0
AB,43,1698980.0,292813.0,Furskins,1991793.0
NU,03,0.0,1982158.0,Fish & seafood,1982158.0
ZZ,37,0.0,1936819.0,Photographic goods,1936819.0
NU,28,1892405.0,2075.0,Inorganic chemicals,1894480.0
PE,27,11493.0,1875542.0,Mineral fuels & oils,1887035.0
MB,67,1820595.0,13969.0,Feathers & artificial flowers,1834564.0
NB,42,1514406.0,301725.0,Leather goods,1816131.0
NS,96,1657738.0,104898.0,Miscellaneous manufactures,1762636.0
MB,37,1731110.0,19726.0,Photographic goods,1750836.0
PE,28,1552716.0,143137.0,Inorganic chemicals,1695853.0
SK,97,349811.0,1315211.0,Works of art,1665022.0
PE,88,1905.0,1659928.0,Aircraft & spacecraft,1661833.0
NB,13,1499262.0,132520.0,Resins & gums,1631782.0
NL,63,366993.0,1263091.0,Other made-up textiles,1630084.0
NL,22,4594.0,1575255.0,Beverages & spirits,1579849.0
QC,50,1527163.0,38354.0,Silk,1565517.0
SK,55,1520556.0,1263.0,Man-made staple fibres,1521819.0
NB,65,1492564.0,8218.0,Headgear,1500782.0
NS,13,792498.0,666814.0,Resins & gums,1459312.0
NU,99,1144284.0,305086.0,Confidential / low-value (CA),1449370.0
NS,78,202398.0,1224933.0,Lead,1427331.0
NB,26,1383730.0,2859.0,"Ores, slag & ash",1386589.0
NL,19,987941.0,381020.0,Prepared cereals,1368961.0
AB,51,1158809.0,192443.0,Wool,1351252.0
AB,79,1004428.0,344863.0,Zinc,1349291.0
NL,83,1324494.0,17973.0,Miscellaneous metal articles,1342467.0
BC,50,1220381.0,49570.0,Silk,1269951.0
SK,78,266352.0,995320.0,Lead,1261672.0
YT,39,48301.0,1205227.0,Plastics,1253528.0
NB,02,492603.0,699800.0,Meat & offal,1192403.0
PE,01,0.0,1162380.0,Live animals,1162380.0
NS,58,1126305.0,27542.0,Special woven fabrics,1153847.0
NB,58,1135775.0,7109.0,Special woven fabrics,1142884.0
NL,18,1113735.0,25802.0,Cocoa & cocoa products,1139537.0
NL,82,888622.0,204724.0,Tools & cutlery,1093346.0
SK,67,998580.0,0.0,Feathers & artificial flowers,998580.0
AB,45,926499.0,63360.0,Cork,989859.0
MB,45,979333.0,9995.0,Cork,989328.0
YT,72,977782.0,4879.0,Iron & steel,982661.0
AB,80,684624.0,283476.0,Tin,968100.0
YT,05,263975.0,674739.0,Other animal products,938714.0
MB,14,379877.0,530970.0,Vegetable materials,910847.0
ZZ,46,0.0,904970.0,Basketware,904970.0
ZZ,01,0.0,897301.0,Live animals,897301.0
NL,12,0.0,894424.0,Oil seeds,894424.0
NS,41,715042.0,178952.0,Raw hides & skins,893994.0
NS,49,392538.0,492712.0,Printed books & media,885250.0
NB,75,838442.0,0.0,Nickel,838442.0
NU,97,0.0,825982.0,Works of art,825982.0
NS,80,5110.0,798227.0,Tin,803337.0
NS,53,799086.0,2357.0,Vegetable textile fibres,801443.0
MB,51,788556.0,569.0,Wool,789125.0
MB,78,729749.0,53535.0,Lead,783284.0
SK,58,768211.0,13339.0,Special woven fabrics,781550.0
MB,80,711817.0,0.0,Tin,711817.0
YT,73,335008.0,362287.0,Articles of iron & steel,697295.0
NL,34,608098.0,84329.0,Soap & cleaning products,692427.0
SK,43,28099.0,658264.0,Furskins,686363.0
NS,46,677365.0,874.0,Basketware,678239.0
NB,64,629971.0,42752.0,Footwear,672723.0
ZZ,14,0.0,656812.0,Vegetable materials,656812.0
NB,41,644880.0,8888.0,Raw hides & skins,653768.0
SK,14,631706.0,0.0,Vegetable materials,631706.0
PE,40,150071.0,468569.0,Rubber,618640.0
NS,75,610409.0,2617.0,Nickel,613026.0
NU,86,612881.0,0.0,Railway equipment,612881.0
PE,12,0.0,604863.0,Oil seeds,604863.0
SK,91,585998.0,1.0,Clocks & watches,585999.0
NL,97,1134.0,582778.0,Works of art,583912.0
NT,76,0.0,576618.0,Aluminium,576618.0
PE,41,0.0,519738.0,Raw hides & skins,519738.0
NL,86,516739.0,0.0,Railway equipment,516739.0
PE,70,141997.0,361096.0,Glass,503093.0
NB,55,492688.0,4068.0,Man-made staple fibres,496756.0
NU,84,4204.0,487948.0,Machinery & mechanical appliances,492152.0
NB,36,446555.0,43652.0,Explosives,490207.0
NB,52,430106.0,126.0,Cotton,430232.0
NT,88,13639.0,390765.0,Aircraft & spacecraft,404404.0
NB,81,402851.0,296.0,Other base metals,403147.0
NB,60,263453.0,134014.0,Knitted fabrics,397467.0
NU,87,0.0,393977.0,Vehicles,393977.0
NS,04,62447.0,330358.0,Dairy products,392805.0
NS,66,391004.0,0.0,Umbrellas,391004.0
SK,53,170280.0,220401.0,Vegetable textile fibres,390681.0
NB,79,374322.0,10363.0,Zinc,384685.0
NB,51,128783.0,222994.0,Wool,351777.0
SK,41,163180.0,188272.0,Raw hides & skins,351452.0
NB,97,141760.0,202782.0,Works of art,344542.0
NS,67,299937.0,20183.0,Feathers & artificial flowers,320120.0
SK,79,262720.0,55318.0,Zinc,318038.0
NT,99,0.0,305293.0,Confidential / low-value (CA),305293.0
NL,96,295098.0,8425.0,Miscellaneous manufactures,303523.0
YT,34,269085.0,32704.0,Soap & cleaning products,301789.0
SK,52,292456.0,7758.0,Cotton,300214.0
ZZ,50,0.0,284943.0,Silk,284943.0
ZZ,78,0.0,282929.0,Lead,282929.0
NB,67,282151.0,0.0,Feathers & artificial flowers,282151.0
NL,62,205994.0,73767.0,Woven apparel,279761.0
NL,01,273229.0,0.0,Live animals,273229.0
NL,95,94883.0,167789.0,Toys & sports equipment,262672.0
NL,74,202546.0,60001.0,Copper,262547.0
PE,17,182890.0,63582.0,Sugars,246472.0
NL,21,196961.0,49489.0,Misc food preparations,246450.0
NS,51,237769.0,6252.0,Wool,244021.0
PE,19,880.0,238059.0,Prepared cereals,238939.0
SK,46,235043.0,0.0,Basketware,235043.0
NS,52,224816.0,3496.0,Cotton,228312.0
YT,12,39854.0,187152.0,Oil seeds,227006.0
PE,49,20533.0,198364.0,Printed books & media,218897.0
PE,63,173.0,218559.0,Other made-up textiles,218732.0
NT,97,0.0,212756.0,Works of art,212756.0
NL,32,169320.0,24092.0,Tanning & dye extracts,193412.0
NT,85,0.0,193090.0,Electrical equipment,193090.0
NB,91,189213.0,0.0,Clocks & watches,189213.0
NL,02,0.0,183305.0,Meat & offal,183305.0
YT,99,0.0,183065.0,Confidential / low-value (CA),183065.0
PE,68,130.0,175523.0,Stone & cement articles,175653.0
PE,44,7982.0,157604.0,Wood & wood articles,165586.0
NU,05,0.0,159575.0,Other animal products,159575.0
AB,50,148663.0,356.0,Silk,149019.0
SK,80,142980.0,0.0,Tin,142980.0
NB,46,139856.0,0.0,Basketware,139856.0
YT,29,137485.0,0.0,Organic chemicals,137485.0
NB,66,134111.0,2563.0,Umbrellas,136674.0
PE,83,1036.0,135550.0,Miscellaneous metal articles,136586.0
NS,14,136519.0,0.0,Vegetable materials,136519.0
SK,51,127808.0,2575.0,Wool,130383.0
YT,44,510.0,124120.0,Wood & wood articles,124630.0
PE,94,407.0,122806.0,Furniture,123213.0
NL,20,36888.0,84375.0,Prepared vegetables,121263.0
SK,37,118976.0,0.0,Photographic goods,118976.0
YT,38,118926.0,0.0,Misc chemical products,118926.0
NS,79,101118.0,11875.0,Zinc,112993.0
NT,87,0.0,111591.0,Vehicles,111591.0
NL,08,19179.0,89731.0,Fruit & nuts,108910.0
YT,27,38578.0,67555.0,Mineral fuels & oils,106133.0
NL,31,0.0,105525.0,Fertilizers,105525.0
PE,82,13749.0,91602.0,Tools & cutlery,105351.0
NL,35,98628.0,479.0,Protein substances,99107.0
YT,40,76048.0,22739.0,Rubber,98787.0
NB,78,69176.0,29232.0,Lead,98408.0
YT,96,0.0,96860.0,Miscellaneous manufactures,96860.0
NL,06,91070.0,4679.0,Live trees & plants,95749.0
YT,28,92469.0,0.0,Inorganic chemicals,92469.0
SK,45,85807.0,0.0,Cork,85807.0
YT,01,85000.0,0.0,Live animals,85000.0
PE,75,79876.0,3514.0,Nickel,83390.0
YT,94,73781.0,9303.0,Furniture,83084.0
NT,90,0.0,79981.0,Optical & medical instruments,79981.0
NB,43,77282.0,2128.0,Furskins,79410.0
MB,50,75894.0,2512.0,Silk,78406.0
PE,56,0.0,76115.0,Wadding & felt,76115.0
NT,03,0.0,75911.0,Fish & seafood,75911.0
PE,71,0.0,71967.0,Precious metals & stones,71967.0
NL,13,69978.0,0.0,Resins & gums,69978.0
NL,49,23162.0,44100.0,Printed books & media,67262.0
PE,74,0.0,67253.0,Copper,67253.0
NL,59,61012.0,5361.0,Coated textiles,66373.0
NS,24,15875.0,50000.0,Tobacco,65875.0
PE,26,0.0,65325.0,"Ores, slag & ash",65325.0
PE,97,0.0,65324.0,Works of art,65324.0
PE,42,20882.0,42764.0,Leather goods,63646.0
NL,42,38510.0,23639.0,Leather goods,62149.0
YT,76,48817.0,12505.0,Aluminium,61322.0
YT,86,54814.0,6489.0,Railway equipment,61303.0
NL,17,14662.0,44182.0,Sugars,58844.0
YT,31,57186.0,0.0,Fertilizers,57186.0
NB,53,56528.0,546.0,Vegetable textile fibres,57074.0
NU,90,0.0,55705.0,Optical & medical instruments,55705.0
NS,45,54537.0,222.0,Cork,54759.0
NL,79,52901.0,0.0,Zinc,52901.0
YT,63,51810.0,718.0,Other made-up textiles,52528.0
NB,45,51788.0,0.0,Cork,51788.0
NL,68,31525.0,18441.0,Stone & cement articles,49966.0
PE,59,48814.0,0.0,Coated textiles,48814.0
NS,55,48543.0,0.0,Man-made staple fibres,48543.0
PE,22,7447.0,40003.0,Beverages & spirits,47450.0
SK,66,46738.0,0.0,Umbrellas,46738.0
NU,62,0.0,42504.0,Woven apparel,42504.0
NU,33,0.0,36157.0,Cosmetics & perfumes,36157.0
NB,37,35455.0,0.0,Photographic goods,35455.0
YT,95,2926.0,30624.0,Toys & sports equipment,33550.0
NL,04,0.0,32678.0,Dairy products,32678.0
NU,85,0.0,30498.0,Electrical equipment,30498.0
NL,36,29064.0,0.0,Explosives,29064.0
NL,29,1675.0,25912.0,Organic chemicals,27587.0
NL,65,26950.0,300.0,Headgear,27250.0
NU,83,0.0,26307.0,Miscellaneous metal articles,26307.0
NU,39,0.0,25850.0,Plastics,25850.0
PE,47,0.0,25457.0,Wood pulp,25457.0
YT,43,0.0,23520.0,Furskins,23520.0
NU,74,0.0,23319.0,Copper,23319.0
NU,95,0.0,23126.0,Toys & sports equipment,23126.0
NT,84,18920.0,3415.0,Machinery & mechanical appliances,22335.0
NU,72,0.0,22327.0,Iron & steel,22327.0
NL,57,168.0,21595.0,Carpets,21763.0
PE,72,0.0,20874.0,Iron & steel,20874.0
NB,14,20867.0,0.0,Vegetable materials,20867.0
YT,10,0.0,20817.0,Cereals,20817.0
NL,09,7817.0,12902.0,"Coffee, tea & spices",20719.0
NS,50,20149.0,0.0,Silk,20149.0
NT,94,0.0,19999.0,Furniture,19999.0
YT,36,19989.0,0.0,Explosives,19989.0
YT,97,0.0,18745.0,Works of art,18745.0
PE,61,986.0,17243.0,Knitted apparel,18229.0
YT,57,1.0,17403.0,Carpets,17404.0
NL,64,10359.0,5305.0,Footwear,15664.0
PE,10,0.0,14225.0,Cereals,14225.0
YT,83,13976.0,0.0,Miscellaneous metal articles,13976.0
PE,95,0.0,13907.0,Toys & sports equipment,13907.0
NL,58,2501.0,10763.0,Special woven fabrics,13264.0
YT,51,0.0,12829.0,Wool,12829.0
YT,70,435.0,11871.0,Glass,12306.0
NL,11,0.0,11679.0,Milling products,11679.0
NU,63,0.0,11332.0,Other made-up textiles,11332.0
PE,51,0.0,11135.0,Wool,11135.0
PE,32,202.0,10381.0,Tanning & dye extracts,10583.0
NL,24,10348.0,0.0,Tobacco,10348.0
YT,25,9918.0,0.0,"Salt, sulphur, stone, cement",9918.0
NL,54,8261.0,1115.0,Man-made filaments,9376.0
NT,38,0.0,9345.0,Misc chemical products,9345.0
YT,48,8344.0,0.0,Paper & paperboard,8344.0
YT,89,0.0,7723.0,Ships & boats,7723.0
NL,10,0.0,7428.0,Cereals,7428.0
NT,43,0.0,7180.0,Furskins,7180.0
NT,42,0.0,7132.0,Leather goods,7132.0
NU,73,0.0,7084.0,Articles of iron & steel,7084.0
YT,75,0.0,6962.0,Nickel,6962.0
YT,91,6569.0,0.0,Clocks & watches,6569.0
PE,33,0.0,6263.0,Cosmetics & perfumes,6263.0
PE,92,0.0,6100.0,Musical instruments,6100.0
NU,82,0.0,5938.0,Tools & cutlery,5938.0
NL,91,5792.0,0.0,Clocks & watches,5792.0
NU,61,0.0,5551.0,Knitted apparel,5551.0
PE,62,100.0,5221.0,Woven apparel,5321.0
YT,22,84.0,5152.0,Beverages & spirits,5236.0
PE,96,4526.0,510.0,Miscellaneous manufactures,5036.0
YT,98,4837.0,0.0,Special transactions (CA),4837.0
NU,43,0.0,4831.0,Furskins,4831.0
NT,98,0.0,4691.0,Special transactions (CA),4691.0
NL,67,3728.0,592.0,Feathers & artificial flowers,4320.0
NL,07,0.0,3955.0,Vegetables,3955.0
NU,48,2622.0,1306.0,Paper & paperboard,3928.0
PE,13,0.0,3850.0,Resins & gums,3850.0
NT,73,3833.0,0.0,Articles of iron & steel,3833.0
YT,64,3809.0,0.0,Footwear,3809.0
NL,41,0.0,3673.0,Raw hides & skins,3673.0
NU,94,0.0,3641.0,Furniture,3641.0
NL,69,2724.0,200.0,Ceramic products,2924.0
YT,61,111.0,2633.0,Knitted apparel,2744.0
NL,51,2528.0,0.0,Wool,2528.0
PE,64,0.0,2419.0,Footwear,2419.0
NU,38,0.0,2307.0,Misc chemical products,2307.0
YT,74,7.0,2018.0,Copper,2025.0
YT,41,0.0,1750.0,Raw hides & skins,1750.0
PE,25,54.0,1620.0,"Salt, sulphur, stone, cement",1674.0
YT,42,1633.0,0.0,Leather goods,1633.0
YT,69,1532.0,0.0,Ceramic products,1532.0
NU,49,546.0,964.0,Printed books & media,1510.0
NL,93,132.0,1374.0,Arms & ammunition,1506.0
NL,45,1497.0,0.0,Cork,1497.0
NL,33,1484.0,0.0,Cosmetics & perfumes,1484.0
NT,61,0.0,1380.0,Knitted apparel,1380.0
NT,82,1369.0,0.0,Tools & cutlery,1369.0
NT,41,0.0,1129.0,Raw hides & skins,1129.0
PE,43,0.0,1118.0,Furskins,1118.0
NT,39,0.0,979.0,Plastics,979.0
YT,62,0.0,944.0,Woven apparel,944.0
NB,50,515.0,419.0,Silk,934.0
NT,62,0.0,909.0,Woven apparel,909.0
NU,89,800.0,0.0,Ships & boats,800.0
PE,57,0.0,708.0,Carpets,708.0
NL,14,0.0,672.0,Vegetable materials,672.0
PE,69,615.0,0.0,Ceramic products,615.0
PE,67,0.0,606.0,Feathers & artificial flowers,606.0
NT,63,0.0,499.0,Other made-up textiles,499.0
NT,40,0.0,497.0,Rubber,497.0
NU,40,437.0,50.0,Rubber,487.0
YT,65,0.0,462.0,Headgear,462.0
NL,55,425.0,0.0,Man-made staple fibres,425.0
NL,78,424.0,0.0,Lead,424.0
NL,46,0.0,420.0,Basketware,420.0
PE,55,0.0,391.0,Man-made staple fibres,391.0
NL,60,377.0,0.0,Knitted fabrics,377.0
PE,65,0.0,371.0,Headgear,371.0
NU,96,268.0,0.0,Miscellaneous manufactures,268.0
NT,19,0.0,216.0,Prepared cereals,216.0
NB,24,213.0,0.0,Tobacco,213.0
YT,68,166.0,0.0,Stone & cement articles,166.0
YT,55,163.0,0.0,Man-made staple fibres,163.0
NU,30,0.0,141.0,Pharmaceuticals,141.0
NT,34,0.0,82.0,Soap & cleaning products,82.0
NL,37,75.0,0.0,Photographic goods,75.0
YT,56,68.0,0.0,Wadding & felt,68.0
PE,86,0.0,55.0,Railway equipment,55.0
YT,49,33.0,0.0,Printed books & media,33.0
NL,66,0.0,30.0,Umbrellas,30.0
YT,58,28.0,0.0,Special woven fabrics,28.0
NL,92,21.0,0.0,Musical instruments,21.0
