date,code,imports,exports,name,total
2019-01,ON,28284927553.0,17011528827,Ontario,45296456380.0
2019-01,QC,7358217686.0,6658044920,Quebec,14016262606.0
2019-01,AB,2731924380.0,8169017898,Alberta,10900942278.0
2019-01,BC,4791612225.0,3533298509,British Columbia,8324910734.0
2019-01,ZZ,0.0,3858590366,Unspecified (re-exports),3858590366.0
2019-01,SK,921847977.0,2383305807,Saskatchewan,3305153784.0
2019-01,MB,1885417771.0,1205529970,Manitoba,3090947741.0
2019-01,NB,871392023.0,897123313,New Brunswick,1768515336.0
2019-01,NL,437334924.0,1122333744,Newfoundland & Labrador,1559668668.0
2019-01,NS,742651723.0,475424550,Nova Scotia,1218076273.0
2019-01,NT,91757.0,128147390,Northwest Territories,128239147.0
2019-01,PE,8448445.0,113006728,Prince Edward Island,121455173.0
2019-01,NU,0.0,19167466,Nunavut,19167466.0
2019-01,YT,919738.0,1755859,Yukon,2675597.0
2019-02,ON,28393246882.0,15583465695,Ontario,43976712577.0
2019-02,QC,7140403201.0,6599324453,Quebec,13739727654.0
2019-02,AB,2200354754.0,7534269909,Alberta,9734624663.0
2019-02,BC,3972383444.0,3312006378,British Columbia,7284389822.0
2019-02,ZZ,0.0,3707818258,Unspecified (re-exports),3707818258.0
2019-02,SK,864559556.0,2050248170,Saskatchewan,2914807726.0
2019-02,MB,1788327272.0,1062075170,Manitoba,2850402442.0
2019-02,NB,853305651.0,929556114,New Brunswick,1782861765.0
2019-02,NL,344572618.0,997192143,Newfoundland & Labrador,1341764761.0
2019-02,NS,773138336.0,441078526,Nova Scotia,1214216862.0
2019-02,NT,0.0,181618400,Northwest Territories,181618400.0
2019-02,PE,1217889.0,95461324,Prince Edward Island,96679213.0
2019-02,NU,2792580.0,7066726,Nunavut,9859306.0
2019-02,YT,1084053.0,5558382,Yukon,6642435.0
2019-03,ON,32967925994.0,17947191876,Ontario,50915117870.0
2019-03,QC,7343680786.0,7867011484,Quebec,15210692270.0
2019-03,AB,2536936217.0,10522582466,Alberta,13059518683.0
2019-03,BC,5069349934.0,4135490127,British Columbia,9204840061.0
2019-03,ZZ,0.0,4069887602,Unspecified (re-exports),4069887602.0
2019-03,SK,1093466350.0,2698262466,Saskatchewan,3791728816.0
2019-03,MB,2154520590.0,1431720311,Manitoba,3586240901.0
2019-03,NB,1027505924.0,1046634074,New Brunswick,2074139998.0
2019-03,NL,480255577.0,1163741675,Newfoundland & Labrador,1643997252.0
2019-03,NS,920912457.0,466675277,Nova Scotia,1387587734.0
2019-03,NT,63005.0,161842178,Northwest Territories,161905183.0
2019-03,PE,4873620.0,105775760,Prince Edward Island,110649380.0
2019-03,NU,0.0,17201763,Nunavut,17201763.0
2019-03,YT,2798874.0,825424,Yukon,3624298.0
2019-04,ON,31025478564.0,17244110101,Ontario,48269588665.0
2019-04,QC,8260423311.0,7147386672,Quebec,15407809983.0
2019-04,AB,2445953843.0,10600967131,Alberta,13046920974.0
2019-04,BC,4952497089.0,3542821770,British Columbia,8495318859.0
2019-04,ZZ,0.0,3902482963,Unspecified (re-exports),3902482963.0
2019-04,SK,994408581.0,2814117857,Saskatchewan,3808526438.0
2019-04,MB,2105833916.0,1390057427,Manitoba,3495891343.0
2019-04,NB,1062133294.0,969185556,New Brunswick,2031318850.0
2019-04,NL,261640239.0,1379900218,Newfoundland & Labrador,1641540457.0
2019-04,NS,913988683.0,457573617,Nova Scotia,1371562300.0
2019-04,NT,0.0,190244416,Northwest Territories,190244416.0
2019-04,PE,5029312.0,117635442,Prince Edward Island,122664754.0
2019-04,NU,0.0,8221119,Nunavut,8221119.0
2019-04,YT,3721180.0,650836,Yukon,4372016.0
2019-05,ON,33063021875.0,19125376397,Ontario,52188398272.0
2019-05,QC,8105853417.0,7721483171,Quebec,15827336588.0
2019-05,AB,2522372416.0,11692607797,Alberta,14214980213.0
2019-05,BC,4878948869.0,3927138728,British Columbia,8806087597.0
2019-05,ZZ,0.0,4420936281,Unspecified (re-exports),4420936281.0
2019-05,SK,969023531.0,3114014532,Saskatchewan,4083038063.0
2019-05,MB,2053234767.0,1377109182,Manitoba,3430343949.0
2019-05,NB,1318516714.0,1412649052,New Brunswick,2731165766.0
2019-05,NL,410990826.0,1645297308,Newfoundland & Labrador,2056288134.0
2019-05,NS,909527056.0,632897837,Nova Scotia,1542424893.0
2019-05,NT,29874.0,180374014,Northwest Territories,180403888.0
2019-05,PE,2751762.0,133433200,Prince Edward Island,136184962.0
2019-05,NU,941.0,46347325,Nunavut,46348266.0
2019-05,YT,3224276.0,584231,Yukon,3808507.0
2019-06,ON,31129974920.0,17589591655,Ontario,48719566575.0
2019-06,QC,7704968221.0,7985204160,Quebec,15690172381.0
2019-06,AB,2249825576.0,10133298432,Alberta,12383124008.0
2019-06,BC,4809285623.0,3739975771,British Columbia,8549261394.0
2019-06,ZZ,0.0,4115276852,Unspecified (re-exports),4115276852.0
2019-06,SK,988472194.0,2536331243,Saskatchewan,3524803437.0
2019-06,MB,1854842196.0,1490703302,Manitoba,3345545498.0
2019-06,NB,703833475.0,1221825390,New Brunswick,1925658865.0
2019-06,NL,362450218.0,1322889069,Newfoundland & Labrador,1685339287.0
2019-06,NS,861055834.0,645392820,Nova Scotia,1506448654.0
2019-06,PE,3525480.0,143774685,Prince Edward Island,147300165.0
2019-06,NT,0.0,45811826,Northwest Territories,45811826.0
2019-06,NU,0.0,29035843,Nunavut,29035843.0
2019-06,YT,7751031.0,597153,Yukon,8348184.0
2019-07,ON,29827029699.0,16046892362,Ontario,45873922061.0
2019-07,QC,7608281310.0,7297760664,Quebec,14906041974.0
2019-07,AB,2220489987.0,11028648029,Alberta,13249138016.0
2019-07,BC,5161534575.0,3634505655,British Columbia,8796040230.0
2019-07,ZZ,0.0,3885284983,Unspecified (re-exports),3885284983.0
2019-07,SK,914050189.0,2320830659,Saskatchewan,3234880848.0
2019-07,MB,1770887604.0,1257322616,Manitoba,3028210220.0
2019-07,NB,1130871487.0,1113336673,New Brunswick,2244208160.0
2019-07,NL,454467780.0,1243677226,Newfoundland & Labrador,1698145006.0
2019-07,NS,864301676.0,538268123,Nova Scotia,1402569799.0
2019-07,NT,0.0,189756764,Northwest Territories,189756764.0
2019-07,NU,0.0,165867588,Nunavut,165867588.0
2019-07,PE,1996603.0,112371843,Prince Edward Island,114368446.0
2019-07,YT,11537993.0,1795015,Yukon,13333008.0
2019-08,ON,31088313315.0,17756935708,Ontario,48845249023.0
2019-08,QC,7567797499.0,7193778734,Quebec,14761576233.0
2019-08,AB,2336551509.0,9702460748,Alberta,12039012257.0
2019-08,BC,4989955539.0,3560008678,British Columbia,8549964217.0
2019-08,ZZ,0.0,4182430946,Unspecified (re-exports),4182430946.0
2019-08,MB,2022466077.0,1371750882,Manitoba,3394216959.0
2019-08,SK,925889754.0,2276964384,Saskatchewan,3202854138.0
2019-08,NB,1213709855.0,1114731219,New Brunswick,2328441074.0
2019-08,NS,1136234049.0,527193706,Nova Scotia,1663427755.0
2019-08,NL,517612440.0,1068535442,Newfoundland & Labrador,1586147882.0
2019-08,NU,9632416.0,361626715,Nunavut,371259131.0
2019-08,NT,0.0,139259468,Northwest Territories,139259468.0
2019-08,PE,1885285.0,132676640,Prince Edward Island,134561925.0
2019-08,YT,9003593.0,1118254,Yukon,10121847.0
2019-09,ON,30094702793.0,17898163711,Ontario,47992866504.0
2019-09,QC,7208718936.0,7897099345,Quebec,15105818281.0
2019-09,AB,2389348160.0,9379776007,Alberta,11769124167.0
2019-09,BC,4914665009.0,3627618228,British Columbia,8542283237.0
2019-09,ZZ,0.0,4103865926,Unspecified (re-exports),4103865926.0
2019-09,MB,1862962838.0,1278561125,Manitoba,3141523963.0
2019-09,SK,863550387.0,2160619350,Saskatchewan,3024169737.0
2019-09,NB,1007136580.0,1051806779,New Brunswick,2058943359.0
2019-09,NL,347976762.0,781591999,Newfoundland & Labrador,1129568761.0
2019-09,NS,650787144.0,471010590,Nova Scotia,1121797734.0
2019-09,NU,6642043.0,252033411,Nunavut,258675454.0
2019-09,NT,1058.0,154738986,Northwest Territories,154740044.0
2019-09,PE,589978.0,128932646,Prince Edward Island,129522624.0
2019-09,YT,10749377.0,1044507,Yukon,11793884.0
2019-10,ON,31712129049.0,18818029993,Ontario,50530159042.0
2019-10,QC,7651137727.0,7940209014,Quebec,15591346741.0
2019-10,AB,2362794005.0,9740090564,Alberta,12102884569.0
2019-10,BC,4982879146.0,3307894209,British Columbia,8290773355.0
2019-10,ZZ,0.0,4201776065,Unspecified (re-exports),4201776065.0
2019-10,MB,1929659273.0,1301831699,Manitoba,3231490972.0
2019-10,SK,801308471.0,2275556988,Saskatchewan,3076865459.0
2019-10,NB,1037438476.0,1144945894,New Brunswick,2182384370.0
2019-10,NL,397075017.0,1220254626,Newfoundland & Labrador,1617329643.0
2019-10,NS,921730021.0,469539254,Nova Scotia,1391269275.0
2019-10,NU,0.0,166384420,Nunavut,166384420.0
2019-10,PE,6871331.0,144251201,Prince Edward Island,151122532.0
2019-10,NT,0.0,104625635,Northwest Territories,104625635.0
2019-10,YT,4888111.0,1035033,Yukon,5923144.0
2019-11,ON,29861028015.0,18252591469,Ontario,48113619484.0
2019-11,QC,6985143593.0,7233620683,Quebec,14218764276.0
2019-11,AB,2285177300.0,8521736373,Alberta,10806913673.0
2019-11,BC,4277571055.0,3303192474,British Columbia,7580763529.0
2019-11,ZZ,0.0,3878120992,Unspecified (re-exports),3878120992.0
2019-11,SK,761956675.0,2425478104,Saskatchewan,3187434779.0
2019-11,MB,1656647373.0,1339284436,Manitoba,2995931809.0
2019-11,NB,1199569812.0,1051895117,New Brunswick,2251464929.0
2019-11,NL,230637231.0,1280201200,Newfoundland & Labrador,1510838431.0
2019-11,NS,783326526.0,443187978,Nova Scotia,1226514504.0
2019-11,PE,24638553.0,135143208,Prince Edward Island,159781761.0
2019-11,NT,0.0,96284308,Northwest Territories,96284308.0
2019-11,NU,0.0,62233914,Nunavut,62233914.0
2019-11,YT,2224859.0,907922,Yukon,3132781.0
2019-12,ON,28104694849.0,16509726209,Ontario,44614421058.0
2019-12,QC,6675125467.0,8440488992,Quebec,15115614459.0
2019-12,AB,2154703380.0,10176280271,Alberta,12330983651.0
2019-12,BC,4195237439.0,3723952524,British Columbia,7919189963.0
2019-12,ZZ,0.0,3645786830,Unspecified (re-exports),3645786830.0
2019-12,SK,791753451.0,2555169515,Saskatchewan,3346922966.0
2019-12,MB,1653922152.0,1418762045,Manitoba,3072684197.0
2019-12,NB,963340336.0,1136139506,New Brunswick,2099479842.0
2019-12,NL,366273552.0,1536602239,Newfoundland & Labrador,1902875791.0
2019-12,NS,1105338716.0,482522652,Nova Scotia,1587861368.0
2019-12,PE,16206967.0,129252938,Prince Edward Island,145459905.0
2019-12,NT,0.0,85221013,Northwest Territories,85221013.0
2019-12,NU,0.0,55625168,Nunavut,55625168.0
2019-12,YT,677006.0,676617,Yukon,1353623.0
2020-01,ON,27212987591.0,16584108266,Ontario,43797095857.0
2020-01,QC,6829604687.0,6899545983,Quebec,13729150670.0
2020-01,AB,2239393043.0,9878222408,Alberta,12117615451.0
2020-01,BC,4312311849.0,2972811902,British Columbia,7285123751.0
2020-01,ZZ,0.0,3512641235,Unspecified (re-exports),3512641235.0
2020-01,SK,973443759.0,2334868953,Saskatchewan,3308312712.0
2020-01,MB,1715177067.0,1303702172,Manitoba,3018879239.0
2020-01,NB,1135363358.0,1133133874,New Brunswick,2268497232.0
2020-01,NL,542346831.0,1206514951,Newfoundland & Labrador,1748861782.0
2020-01,NS,679461367.0,459515593,Nova Scotia,1138976960.0
2020-01,PE,6689051.0,115632305,Prince Edward Island,122321356.0
2020-01,NT,1310.0,105973878,Northwest Territories,105975188.0
2020-01,NU,1194900.0,52299704,Nunavut,53494604.0
2020-01,YT,680184.0,2256943,Yukon,2937127.0
2020-02,ON,27792162546.0,15913223213,Ontario,43705385759.0
2020-02,QC,6234272021.0,6961147195,Quebec,13195419216.0
2020-02,AB,2351222630.0,8866297238,Alberta,11217519868.0
2020-02,BC,4140421305.0,2846207274,British Columbia,6986628579.0
2020-02,ZZ,0.0,3614027339,Unspecified (re-exports),3614027339.0
2020-02,SK,924783778.0,2238497733,Saskatchewan,3163281511.0
2020-02,MB,1744080351.0,1294098161,Manitoba,3038178512.0
2020-02,NB,941272860.0,937993973,New Brunswick,1879266833.0
2020-02,NL,286784014.0,1111640197,Newfoundland & Labrador,1398424211.0
2020-02,NS,590018361.0,375256566,Nova Scotia,965274927.0
2020-02,NT,0.0,178192040,Northwest Territories,178192040.0
2020-02,PE,738277.0,116004321,Prince Edward Island,116742598.0
2020-02,NU,0.0,33812633,Nunavut,33812633.0
2020-02,YT,1374720.0,18082008,Yukon,19456728.0
2020-03,ON,30489640893.0,16755035081,Ontario,47244675974.0
2020-03,QC,7018051041.0,7724813014,Quebec,14742864055.0
2020-03,AB,2405999738.0,9200441024,Alberta,11606440762.0
2020-03,BC,4540116659.0,3663811833,British Columbia,8203928492.0
2020-03,ZZ,0.0,4075240216,Unspecified (re-exports),4075240216.0
2020-03,SK,1002585810.0,2768508294,Saskatchewan,3771094104.0
2020-03,MB,2060696011.0,1581506279,Manitoba,3642202290.0
2020-03,NB,784098049.0,780378762,New Brunswick,1564476811.0
2020-03,NS,780197581.0,434897185,Nova Scotia,1215094766.0
2020-03,NL,319158269.0,858680821,Newfoundland & Labrador,1177839090.0
2020-03,NT,0.0,163152532,Northwest Territories,163152532.0
2020-03,PE,3592023.0,125496767,Prince Edward Island,129088790.0
2020-03,NU,80763.0,27861759,Nunavut,27942522.0
2020-03,YT,1717998.0,12762845,Yukon,14480843.0
2020-04,ON,21625807337.0,9504687412,Ontario,31130494749.0
2020-04,QC,5429111890.0,5553831871,Quebec,10982943761.0
2020-04,AB,1983878678.0,6525593401,Alberta,8509472079.0
2020-04,BC,3851985552.0,2905288810,British Columbia,6757274362.0
2020-04,SK,841461036.0,2524071335,Saskatchewan,3365532371.0
2020-04,MB,1522140050.0,1151984141,Manitoba,2674124191.0
2020-04,ZZ,0.0,2649926657,Unspecified (re-exports),2649926657.0
2020-04,NB,455230021.0,558228375,New Brunswick,1013458396.0
2020-04,NS,571249073.0,305356336,Nova Scotia,876605409.0
2020-04,NL,87474440.0,628562966,Newfoundland & Labrador,716037406.0
2020-04,PE,1111059.0,102077330,Prince Edward Island,103188389.0
2020-04,NT,0.0,61806787,Northwest Territories,61806787.0
2020-04,YT,2635578.0,326566,Yukon,2962144.0
2020-04,NU,0.0,15046,Nunavut,15046.0
2020-05,ON,20504725557.0,10561164358,Ontario,31065889915.0
2020-05,QC,5338057826.0,6141632299,Quebec,11479690125.0
2020-05,AB,1871954182.0,5305029019,Alberta,7176983201.0
2020-05,BC,3675510506.0,3215714259,British Columbia,6891224765.0
2020-05,ZZ,0.0,3222060780,Unspecified (re-exports),3222060780.0
2020-05,SK,747872372.0,2461263984,Saskatchewan,3209136356.0
2020-05,MB,1487331535.0,1330405467,Manitoba,2817737002.0
2020-05,NB,486316250.0,756727734,New Brunswick,1243043984.0
2020-05,NS,482254029.0,363962606,Nova Scotia,846216635.0
2020-05,NL,21565757.0,687375832,Newfoundland & Labrador,708941589.0
2020-05,PE,7209507.0,125481915,Prince Edward Island,132691422.0
2020-05,NT,0.0,34418610,Northwest Territories,34418610.0
2020-05,YT,3326911.0,1935090,Yukon,5262001.0
2020-05,NU,0.0,39055,Nunavut,39055.0
2020-06,ON,26892076575.0,16010362135,Ontario,42902438710.0
2020-06,QC,6095744274.0,6778184346,Quebec,12873928620.0
2020-06,BC,4512788004.0,3105264403,British Columbia,7618052407.0
2020-06,AB,1823372518.0,5617003136,Alberta,7440375654.0
2020-06,ZZ,0.0,3692772833,Unspecified (re-exports),3692772833.0
2020-06,SK,720853557.0,2177837257,Saskatchewan,2898690814.0
2020-06,MB,1525340917.0,1303599269,Manitoba,2828940186.0
2020-06,NS,1263993275.0,506836151,Nova Scotia,1770829426.0
2020-06,NB,655632193.0,833233816,New Brunswick,1488866009.0
2020-06,NL,174989825.0,792802747,Newfoundland & Labrador,967792572.0
2020-06,PE,3122050.0,133517672,Prince Edward Island,136639722.0
2020-06,NT,0.0,116829501,Northwest Territories,116829501.0
2020-06,YT,18286399.0,11401830,Yukon,29688229.0
2020-06,NU,0.0,19893280,Nunavut,19893280.0
2020-07,ON,29006901214.0,16166480072,Ontario,45173381286.0
2020-07,QC,6628788301.0,6648665307,Quebec,13277453608.0
2020-07,AB,1876188436.0,7043842938,Alberta,8920031374.0
2020-07,BC,4704672011.0,3163714815,British Columbia,7868386826.0
2020-07,ZZ,0.0,3723540789,Unspecified (re-exports),3723540789.0
2020-07,SK,761513616.0,2551370355,Saskatchewan,3312883971.0
2020-07,MB,1607541705.0,1308929572,Manitoba,2916471277.0
2020-07,NL,804311787.0,962697350,Newfoundland & Labrador,1767009137.0
2020-07,NB,793534831.0,852296020,New Brunswick,1645830851.0
2020-07,NS,710727997.0,484666487,Nova Scotia,1195394484.0
2020-07,NU,0.0,180640781,Nunavut,180640781.0
2020-07,PE,2727109.0,131011986,Prince Edward Island,133739095.0
2020-07,NT,0.0,51826694,Northwest Territories,51826694.0
2020-07,YT,11150377.0,10139689,Yukon,21290066.0
2020-08,ON,30856933929.0,16219195284,Ontario,47076129213.0
2020-08,QC,6220708330.0,6596099226,Quebec,12816807556.0
2020-08,AB,1715680569.0,7492059598,Alberta,9207740167.0
2020-08,BC,4645614134.0,3443636679,British Columbia,8089250813.0
2020-08,ZZ,0.0,3774317782,Unspecified (re-exports),3774317782.0
2020-08,MB,1632452006.0,1350784734,Manitoba,2983236740.0
2020-08,SK,730416718.0,2190284856,Saskatchewan,2920701574.0
2020-08,NB,568697797.0,786379757,New Brunswick,1355077554.0
2020-08,NS,674229612.0,481161891,Nova Scotia,1155391503.0
2020-08,NL,96705687.0,800159693,Newfoundland & Labrador,896865380.0
2020-08,NU,362247.0,287473977,Nunavut,287836224.0
2020-08,PE,6830495.0,122922755,Prince Edward Island,129753250.0
2020-08,NT,10377249.0,55410028,Northwest Territories,65787277.0
2020-08,YT,3552827.0,5106907,Yukon,8659734.0
2020-09,ON,30746504314.0,17310612325,Ontario,48057116639.0
2020-09,QC,7051918336.0,7773491483,Quebec,14825409819.0
2020-09,AB,1979323778.0,7584834247,Alberta,9564158025.0
2020-09,BC,4759258573.0,3476895363,British Columbia,8236153936.0
2020-09,ZZ,0.0,4164222281,Unspecified (re-exports),4164222281.0
2020-09,SK,870814401.0,2399696277,Saskatchewan,3270510678.0
2020-09,MB,1704634464.0,1185237711,Manitoba,2889872175.0
2020-09,NB,799698233.0,883130533,New Brunswick,1682828766.0
2020-09,NS,637053907.0,468380114,Nova Scotia,1105434021.0
2020-09,NL,153418150.0,832146736,Newfoundland & Labrador,985564886.0
2020-09,NU,22.0,326834066,Nunavut,326834088.0
2020-09,NT,0.0,135545559,Northwest Territories,135545559.0
2020-09,PE,1898566.0,131496267,Prince Edward Island,133394833.0
2020-09,YT,3504996.0,4320523,Yukon,7825519.0
2020-10,ON,32755924696.0,17903170017,Ontario,50659094713.0
2020-10,QC,6568755817.0,7256687966,Quebec,13825443783.0
2020-10,AB,2088654925.0,7932434031,Alberta,10021088956.0
2020-10,BC,5096635698.0,3630071482,British Columbia,8726707180.0
2020-10,ZZ,0.0,4248518193,Unspecified (re-exports),4248518193.0
2020-10,SK,812070900.0,2722247346,Saskatchewan,3534318246.0
2020-10,MB,1788730295.0,1239177805,Manitoba,3027908100.0
2020-10,NB,915091937.0,886244267,New Brunswick,1801336204.0
2020-10,NS,678382439.0,436361720,Nova Scotia,1114744159.0
2020-10,NL,63441495.0,849695772,Newfoundland & Labrador,913137267.0
2020-10,PE,11120643.0,147291112,Prince Edward Island,158411755.0
2020-10,NU,0.0,158258666,Nunavut,158258666.0
2020-10,NT,0.0,89308494,Northwest Territories,89308494.0
2020-10,YT,4429167.0,7163134,Yukon,11592301.0
2020-11,ON,30928585474.0,17957015243,Ontario,48885600717.0
2020-11,QC,6610538345.0,7453845047,Quebec,14064383392.0
2020-11,AB,2052321652.0,7750911817,Alberta,9803233469.0
2020-11,BC,4735469042.0,3523539157,British Columbia,8259008199.0
2020-11,ZZ,0.0,3672396463,Unspecified (re-exports),3672396463.0
2020-11,SK,859924127.0,2701433264,Saskatchewan,3561357391.0
2020-11,MB,1659612925.0,1306767631,Manitoba,2966380556.0
2020-11,NB,831280007.0,888624110,New Brunswick,1719904117.0
2020-11,NS,611972040.0,428589019,Nova Scotia,1040561059.0
2020-11,NL,78767610.0,812146871,Newfoundland & Labrador,890914481.0
2020-11,PE,9273888.0,134581052,Prince Edward Island,143854940.0
2020-11,NT,0.0,67080916,Northwest Territories,67080916.0
2020-11,NU,0.0,57580403,Nunavut,57580403.0
2020-11,YT,2453978.0,670357,Yukon,3124335.0
2020-12,ON,30102674443.0,16219166994,Ontario,46321841437.0
2020-12,QC,6454324998.0,8639516152,Quebec,15093841150.0
2020-12,AB,2036497538.0,8804689533,Alberta,10841187071.0
2020-12,BC,4442338825.0,3650969308,British Columbia,8093308133.0
2020-12,ZZ,0.0,3538654209,Unspecified (re-exports),3538654209.0
2020-12,SK,787860690.0,2688218623,Saskatchewan,3476079313.0
2020-12,MB,1621649937.0,1394239226,Manitoba,3015889163.0
2020-12,NB,727947828.0,1010637710,New Brunswick,1738585538.0
2020-12,NS,675976929.0,477221128,Nova Scotia,1153198057.0
2020-12,NL,68457294.0,875984631,Newfoundland & Labrador,944441925.0
2020-12,NT,0.0,183875608,Northwest Territories,183875608.0
2020-12,PE,13310231.0,122219424,Prince Edward Island,135529655.0
2020-12,NU,0.0,80752666,Nunavut,80752666.0
2020-12,YT,712376.0,725528,Yukon,1437904.0
2021-01,ON,27809010682.0,16772824208,Ontario,44581834890.0
2021-01,QC,5869885200.0,7253273684,Quebec,13123158884.0
2021-01,AB,1971240194.0,9039343403,Alberta,11010583597.0
2021-01,BC,4266709159.0,3458069498,British Columbia,7724778657.0
2021-01,ZZ,0.0,4080474701,Unspecified (re-exports),4080474701.0
2021-01,SK,767580352.0,2687473507,Saskatchewan,3455053859.0
2021-01,MB,1581981849.0,1410872562,Manitoba,2992854411.0
2021-01,NB,923992687.0,1048424399,New Brunswick,1972417086.0
2021-01,NL,106367059.0,1068063796,Newfoundland & Labrador,1174430855.0
2021-01,NS,631373207.0,431842785,Nova Scotia,1063215992.0
2021-01,PE,1778462.0,114894958,Prince Edward Island,116673420.0
2021-01,NU,0.0,87952648,Nunavut,87952648.0
2021-01,NT,0.0,56160712,Northwest Territories,56160712.0
2021-01,YT,2020992.0,1413340,Yukon,3434332.0
2021-02,ON,27589130729.0,15283637475,Ontario,42872768204.0
2021-02,QC,6061840438.0,6977372214,Quebec,13039212652.0
2021-02,AB,2051476005.0,9469781239,Alberta,11521257244.0
2021-02,BC,4204102321.0,3677732404,British Columbia,7881834725.0
2021-02,ZZ,0.0,3737475413,Unspecified (re-exports),3737475413.0
2021-02,SK,773896361.0,2501572194,Saskatchewan,3275468555.0
2021-02,MB,1514302706.0,1299509949,Manitoba,2813812655.0
2021-02,NB,942776621.0,1073563293,New Brunswick,2016339914.0
2021-02,NS,562825273.0,424995260,Nova Scotia,987820533.0
2021-02,NL,10648726.0,828763007,Newfoundland & Labrador,839411733.0
2021-02,NT,0.0,156535737,Northwest Territories,156535737.0
2021-02,PE,824941.0,91976813,Prince Edward Island,92801754.0
2021-02,NU,0.0,52236003,Nunavut,52236003.0
2021-02,YT,226569.0,16425062,Yukon,16651631.0
2021-03,ON,33936324492.0,18018122423,Ontario,51954446915.0
2021-03,QC,7785085361.0,8491434136,Quebec,16276519497.0
2021-03,AB,2553587807.0,11168653899,Alberta,13722241706.0
2021-03,BC,5398537798.0,4475039795,British Columbia,9873577593.0
2021-03,SK,1020029389.0,3146457811,Saskatchewan,4166487200.0
2021-03,ZZ,0.0,4006472596,Unspecified (re-exports),4006472596.0
2021-03,MB,2106648150.0,1567631333,Manitoba,3674279483.0
2021-03,NB,1080635408.0,1217541037,New Brunswick,2298176445.0
2021-03,NS,866845386.0,481193929,Nova Scotia,1348039315.0
2021-03,NL,207772852.0,979912241,Newfoundland & Labrador,1187685093.0
2021-03,NT,0.0,116815956,Northwest Territories,116815956.0
2021-03,PE,2947198.0,109178446,Prince Edward Island,112125644.0
2021-03,NU,5042400.0,35272695,Nunavut,40315095.0
2021-03,YT,888344.0,12912218,Yukon,13800562.0
2021-04,ON,30368726147.0,15106434278,Ontario,45475160425.0
2021-04,QC,6907836530.0,7818370843,Quebec,14726207373.0
2021-04,AB,2438742889.0,10102437046,Alberta,12541179935.0
2021-04,BC,4977917777.0,4077980208,British Columbia,9055897985.0
2021-04,ZZ,0.0,3986556915,Unspecified (re-exports),3986556915.0
2021-04,SK,972778645.0,2994313101,Saskatchewan,3967091746.0
2021-04,MB,2028865300.0,1445800412,Manitoba,3474665712.0
2021-04,NB,1135850123.0,1282999651,New Brunswick,2418849774.0
2021-04,NS,1091290536.0,511309016,Nova Scotia,1602599552.0
2021-04,NL,34831793.0,1192952425,Newfoundland & Labrador,1227784218.0
2021-04,NT,0.0,172894755,Northwest Territories,172894755.0
2021-04,PE,1769512.0,109444621,Prince Edward Island,111214133.0
2021-04,NU,5937525.0,67199461,Nunavut,73136986.0
2021-04,YT,2159747.0,8074810,Yukon,10234557.0
2021-05,ON,30517145634.0,14670003490,Ontario,45187149124.0
2021-05,QC,7454363129.0,8265749799,Quebec,15720112928.0
2021-05,AB,2626493420.0,10113425770,Alberta,12739919190.0
2021-05,BC,5146066635.0,4595658952,British Columbia,9741725587.0
2021-05,SK,968964114.0,3197564828,Saskatchewan,4166528942.0
2021-05,ZZ,0.0,3881708741,Unspecified (re-exports),3881708741.0
2021-05,MB,1916070068.0,1456689416,Manitoba,3372759484.0
2021-05,NB,1062017233.0,1416007691,New Brunswick,2478024924.0
2021-05,NS,776501424.0,625840852,Nova Scotia,1402342276.0
2021-05,NL,74032628.0,1297949671,Newfoundland & Labrador,1371982299.0
2021-05,NT,0.0,215637177,Northwest Territories,215637177.0
2021-05,PE,1819901.0,134127081,Prince Edward Island,135946982.0
2021-05,NU,741001.0,81727266,Nunavut,82468267.0
2021-05,YT,7568381.0,8009005,Yukon,15577386.0
2021-06,ON,31097678892.0,16954526528,Ontario,48052205420.0
2021-06,QC,7857468747.0,8409697183,Quebec,16267165930.0
2021-06,AB,2718426030.0,11927150745,Alberta,14645576775.0
2021-06,BC,5497742300.0,5245398368,British Columbia,10743140668.0
2021-06,SK,1009846512.0,3045032128,Saskatchewan,4054878640.0
2021-06,ZZ,0.0,4052055845,Unspecified (re-exports),4052055845.0
2021-06,MB,1899556496.0,1563317841,Manitoba,3462874337.0
2021-06,NB,984519051.0,1482815068,New Brunswick,2467334119.0
2021-06,NL,183745371.0,1721432835,Newfoundland & Labrador,1905178206.0
2021-06,NS,757277767.0,621762132,Nova Scotia,1379039899.0
2021-06,PE,1459953.0,160983573,Prince Edward Island,162443526.0
2021-06,NU,0.0,52669095,Nunavut,52669095.0
2021-06,NT,0.0,45173915,Northwest Territories,45173915.0
2021-06,YT,6499485.0,10227480,Yukon,16726965.0
2021-07,ON,30523135888.0,15732069126,Ontario,46255205014.0
2021-07,QC,7522647105.0,7891520205,Quebec,15414167310.0
2021-07,AB,2799950472.0,11684180259,Alberta,14484130731.0
2021-07,BC,5216807282.0,4477967636,British Columbia,9694774918.0
2021-07,SK,935946266.0,2787099313,Saskatchewan,3723045579.0
2021-07,ZZ,0.0,3707636541,Unspecified (re-exports),3707636541.0
2021-07,MB,1895948805.0,1440114333,Manitoba,3336063138.0
2021-07,NB,1312005341.0,1247451877,New Brunswick,2559457218.0
2021-07,NL,209438081.0,1490537043,Newfoundland & Labrador,1699975124.0
2021-07,NS,969197723.0,576846130,Nova Scotia,1546043853.0
2021-07,NT,0.0,184705965,Northwest Territories,184705965.0
2021-07,NU,203092.0,167029941,Nunavut,167233033.0
2021-07,PE,1407700.0,164728841,Prince Edward Island,166136541.0
2021-07,YT,11188401.0,26037345,Yukon,37225746.0
2021-08,ON,31069296948.0,16631403329,Ontario,47700700277.0
2021-08,QC,8022377941.0,8170954262,Quebec,16193332203.0
2021-08,AB,2695703228.0,12350847984,Alberta,15046551212.0
2021-08,BC,6011451697.0,4777313330,British Columbia,10788765027.0
2021-08,SK,905191487.0,2928068592,Saskatchewan,3833260079.0
2021-08,ZZ,0.0,3754436870,Unspecified (re-exports),3754436870.0
2021-08,MB,1926137316.0,1418447454,Manitoba,3344584770.0
2021-08,NB,1199732200.0,1286752072,New Brunswick,2486484272.0
2021-08,NL,55976671.0,1411350047,Newfoundland & Labrador,1467326718.0
2021-08,NS,689789524.0,504212377,Nova Scotia,1194001901.0
2021-08,NU,2404091.0,389059949,Nunavut,391464040.0
2021-08,PE,2057782.0,172531413,Prince Edward Island,174589195.0
2021-08,NT,1868705.0,123181757,Northwest Territories,125050462.0
2021-08,YT,8159029.0,30913539,Yukon,39072568.0
2021-09,ON,30219490200.0,15389577360,Ontario,45609067560.0
2021-09,QC,7213617282.0,8546266713,Quebec,15759883995.0
2021-09,AB,2748194920.0,12146484161,Alberta,14894679081.0
2021-09,BC,6422629125.0,4747361580,British Columbia,11169990705.0
2021-09,SK,894645172.0,3109786409,Saskatchewan,4004431581.0
2021-09,ZZ,0.0,3806610547,Unspecified (re-exports),3806610547.0
2021-09,MB,1858293703.0,1439768808,Manitoba,3298062511.0
2021-09,NB,1065835662.0,1136425987,New Brunswick,2202261649.0
2021-09,NL,248789966.0,1064691485,Newfoundland & Labrador,1313481451.0
2021-09,NS,688545040.0,504911258,Nova Scotia,1193456298.0
2021-09,NU,0.0,495129746,Nunavut,495129746.0
2021-09,PE,1022956.0,151827352,Prince Edward Island,152850308.0
2021-09,NT,0.0,148415139,Northwest Territories,148415139.0
2021-09,YT,5767289.0,21024375,Yukon,26791664.0
2021-10,ON,32965733369.0,17045487440,Ontario,50011220809.0
2021-10,QC,7574780722.0,8224495073,Quebec,15799275795.0
2021-10,AB,2471456385.0,12189392850,Alberta,14660849235.0
2021-10,BC,6641432898.0,5088118852,British Columbia,11729551750.0
2021-10,SK,984312901.0,3662853670,Saskatchewan,4647166571.0
2021-10,ZZ,0.0,4131496905,Unspecified (re-exports),4131496905.0
2021-10,MB,1940610087.0,1523444098,Manitoba,3464054185.0
2021-10,NB,951808703.0,931214463,New Brunswick,1883023166.0
2021-10,NL,168111930.0,1222196631,Newfoundland & Labrador,1390308561.0
2021-10,NS,691423806.0,488060458,Nova Scotia,1179484264.0
2021-10,NU,0.0,208497485,Nunavut,208497485.0
2021-10,NT,45112.0,202928057,Northwest Territories,202973169.0
2021-10,PE,869187.0,162640502,Prince Edward Island,163509689.0
2021-10,YT,5936461.0,20902684,Yukon,26839145.0
2021-11,ON,34101112050.0,17888525886,Ontario,51989637936.0
2021-11,QC,7603813397.0,9076267898,Quebec,16680081295.0
2021-11,AB,2641326171.0,13922255799,Alberta,16563581970.0
2021-11,BC,5933785982.0,4802854153,British Columbia,10736640135.0
2021-11,ZZ,0.0,4895068680,Unspecified (re-exports),4895068680.0
2021-11,SK,999554410.0,3551430510,Saskatchewan,4550984920.0
2021-11,MB,1769874104.0,1465821967,Manitoba,3235696071.0
2021-11,NB,1272803418.0,1320006526,New Brunswick,2592809944.0
2021-11,NS,812577868.0,473482826,Nova Scotia,1286060694.0
2021-11,NL,93185400.0,1154561954,Newfoundland & Labrador,1247747354.0
2021-11,PE,17551105.0,162320879,Prince Edward Island,179871984.0
2021-11,NT,0.0,92295112,Northwest Territories,92295112.0
2021-11,NU,5293699.0,59994409,Nunavut,65288108.0
2021-11,YT,2601997.0,8360877,Yukon,10962874.0
2021-12,ON,34842349183.0,17682167819,Ontario,52524517002.0
2021-12,AB,2926645732.0,13956588290,Alberta,16883234022.0
2021-12,QC,7650622783.0,9017961069,Quebec,16668583852.0
2021-12,BC,5792828519.0,4512928642,British Columbia,10305757161.0
2021-12,ZZ,0.0,5149261171,Unspecified (re-exports),5149261171.0
2021-12,SK,855806721.0,3427502328,Saskatchewan,4283309049.0
2021-12,MB,2116987321.0,1405018251,Manitoba,3522005572.0
2021-12,NB,1475858320.0,1386032622,New Brunswick,2861890942.0
2021-12,NS,758535155.0,567595578,Nova Scotia,1326130733.0
2021-12,NL,29535212.0,930134977,Newfoundland & Labrador,959670189.0
2021-12,PE,27147965.0,159458619,Prince Edward Island,186606584.0
2021-12,NT,29734.0,148232975,Northwest Territories,148262709.0
2021-12,NU,0.0,103729083,Nunavut,103729083.0
2021-12,YT,2447887.0,2645065,Yukon,5092952.0
2022-01,ON,29321681831.0,16502262610,Ontario,45823944441.0
2022-01,AB,2870186670.0,14420983975,Alberta,17291170645.0
2022-01,QC,6925782319.0,7523759854,Quebec,14449542173.0
2022-01,BC,5079731241.0,4484633428,British Columbia,9564364669.0
2022-01,ZZ,0.0,4542715487,Unspecified (re-exports),4542715487.0
2022-01,SK,903046682.0,2978135038,Saskatchewan,3881181720.0
2022-01,MB,1880657813.0,1435397503,Manitoba,3316055316.0
2022-01,NB,1214374865.0,1395859914,New Brunswick,2610234779.0
2022-01,NS,636639847.0,502084897,Nova Scotia,1138724744.0
2022-01,NL,116732344.0,821612538,Newfoundland & Labrador,938344882.0
2022-01,NT,0.0,218258894,Northwest Territories,218258894.0
2022-01,PE,15772076.0,127175630,Prince Edward Island,142947706.0
2022-01,NU,2015041.0,6961384,Nunavut,8976425.0
2022-01,YT,1003099.0,1024947,Yukon,2028046.0
2022-02,ON,31215532707.0,16670720085,Ontario,47886252792.0
2022-02,AB,2494028687.0,13671970454,Alberta,16165999141.0
2022-02,QC,7212254834.0,7978565694,Quebec,15190820528.0
2022-02,BC,5259550391.0,4825344796,British Columbia,10084895187.0
2022-02,SK,1180252922.0,3199185121,Saskatchewan,4379438043.0
2022-02,ZZ,0.0,4034414489,Unspecified (re-exports),4034414489.0
2022-02,MB,1912781327.0,1205478485,Manitoba,3118259812.0
2022-02,NB,1206080904.0,1392488635,New Brunswick,2598569539.0
2022-02,NL,110217672.0,1066881599,Newfoundland & Labrador,1177099271.0
2022-02,NS,576720657.0,438187796,Nova Scotia,1014908453.0
2022-02,NT,0.0,196859186,Northwest Territories,196859186.0
2022-02,PE,1819195.0,122073137,Prince Edward Island,123892332.0
2022-02,NU,17266230.0,44901994,Nunavut,62168224.0
2022-02,YT,1171664.0,15856596,Yukon,17028260.0
2022-03,ON,40092492101.0,20574954512,Ontario,60667446613.0
2022-03,AB,3337632928.0,17233152911,Alberta,20570785839.0
2022-03,QC,8934531829.0,9736067765,Quebec,18670599594.0
2022-03,BC,6674909215.0,6147777700,British Columbia,12822686915.0
2022-03,SK,1403193835.0,4337433172,Saskatchewan,5740627007.0
2022-03,ZZ,0.0,4415335597,Unspecified (re-exports),4415335597.0
2022-03,MB,2632482652.0,1670461650,Manitoba,4302944302.0
2022-03,NB,1882948600.0,1728640998,New Brunswick,3611589598.0
2022-03,NS,961091567.0,557523138,Nova Scotia,1518614705.0
2022-03,NL,92151277.0,1384430956,Newfoundland & Labrador,1476582233.0
2022-03,NT,0.0,198755130,Northwest Territories,198755130.0
2022-03,PE,1130164.0,133435484,Prince Edward Island,134565648.0
2022-03,NU,0.0,76949803,Nunavut,76949803.0
2022-03,YT,2731600.0,35522606,Yukon,38254206.0
2022-04,ON,37253184582.0,18710506647,Ontario,55963691229.0
2022-04,AB,3613989933.0,16734523538,Alberta,20348513471.0
2022-04,QC,9056882456.0,8767934717,Quebec,17824817173.0
2022-04,BC,6879434814.0,5865742856,British Columbia,12745177670.0
2022-04,SK,1351418763.0,4016172060,Saskatchewan,5367590823.0
2022-04,MB,2424341383.0,1707110022,Manitoba,4131451405.0
2022-04,ZZ,0.0,4032485594,Unspecified (re-exports),4032485594.0
2022-04,NB,1558315290.0,1707315877,New Brunswick,3265631167.0
2022-04,NL,142132285.0,1353377919,Newfoundland & Labrador,1495510204.0
2022-04,NS,762383329.0,553165418,Nova Scotia,1315548747.0
2022-04,PE,1742648.0,144537918,Prince Edward Island,146280566.0
2022-04,NT,0.0,137529615,Northwest Territories,137529615.0
2022-04,NU,622103.0,30196368,Nunavut,30818471.0
2022-04,YT,3896938.0,16308010,Yukon,20204948.0
2022-05,ON,38288903828.0,21796996386,Ontario,60085900214.0
2022-05,AB,3557202813.0,18690204357,Alberta,22247407170.0
2022-05,QC,9285510401.0,10199835465,Quebec,19485345866.0
2022-05,BC,6180306475.0,6288899429,British Columbia,12469205904.0
2022-05,SK,1391823614.0,4905791102,Saskatchewan,6297614716.0
2022-05,ZZ,0.0,4514265044,Unspecified (re-exports),4514265044.0
2022-05,MB,2399989450.0,1707492820,Manitoba,4107482270.0
2022-05,NB,1591810099.0,2036640659,New Brunswick,3628450758.0
2022-05,NL,178929744.0,1943825878,Newfoundland & Labrador,2122755622.0
2022-05,NS,1099703074.0,637679626,Nova Scotia,1737382700.0
2022-05,NT,0.0,223048375,Northwest Territories,223048375.0
2022-05,PE,3846200.0,171151092,Prince Edward Island,174997292.0
2022-05,NU,1842431.0,50287788,Nunavut,52130219.0
2022-05,YT,4370265.0,5006136,Yukon,9376401.0
2022-06,ON,38840717333.0,20115393116,Ontario,58956110449.0
2022-06,AB,4052476360.0,19162115302,Alberta,23214591662.0
2022-06,QC,10182350910.0,10202881842,Quebec,20385232752.0
2022-06,BC,7302789773.0,6144412877,British Columbia,13447202650.0
2022-06,SK,1345060416.0,4765684378,Saskatchewan,6110744794.0
2022-06,ZZ,0.0,4883380219,Unspecified (re-exports),4883380219.0
2022-06,MB,2477764688.0,1778664660,Manitoba,4256429348.0
2022-06,NB,1643324748.0,1844961971,New Brunswick,3488286719.0
2022-06,NL,238998055.0,1731562342,Newfoundland & Labrador,1970560397.0
2022-06,NS,947939709.0,664274523,Nova Scotia,1612214232.0
2022-06,PE,1710469.0,188437151,Prince Edward Island,190147620.0
2022-06,NU,58502.0,117911046,Nunavut,117969548.0
2022-06,NT,71882.0,60222684,Northwest Territories,60294566.0
2022-06,YT,4172592.0,24847648,Yukon,29020240.0
2022-07,ON,36768453975.0,18191119091,Ontario,54959573066.0
2022-07,AB,3477884952.0,18709268471,Alberta,22187153423.0
2022-07,QC,9394626216.0,8847553474,Quebec,18242179690.0
2022-07,BC,6374640575.0,5283424810,British Columbia,11658065385.0
2022-07,SK,1270958324.0,4631970943,Saskatchewan,5902929267.0
2022-07,ZZ,0.0,4073636025,Unspecified (re-exports),4073636025.0
2022-07,MB,2345856167.0,1617790778,Manitoba,3963646945.0
2022-07,NB,1710028537.0,1878875128,New Brunswick,3588903665.0
2022-07,NL,269556091.0,1874761751,Newfoundland & Labrador,2144317842.0
2022-07,NS,894292369.0,580891383,Nova Scotia,1475183752.0
2022-07,NT,158.0,212332016,Northwest Territories,212332174.0
2022-07,PE,1667460.0,189049758,Prince Edward Island,190717218.0
2022-07,NU,0.0,77413249,Nunavut,77413249.0
2022-07,YT,9680173.0,29413922,Yukon,39094095.0
2022-08,ON,39207037311.0,19614695979,Ontario,58821733290.0
2022-08,AB,3664393687.0,18937689349,Alberta,22602083036.0
2022-08,QC,9755547175.0,8699099185,Quebec,18454646360.0
2022-08,BC,7574473522.0,5737279227,British Columbia,13311752749.0
2022-08,SK,1344298828.0,4480348343,Saskatchewan,5824647171.0
2022-08,ZZ,0.0,4151763349,Unspecified (re-exports),4151763349.0
2022-08,MB,2463622013.0,1611163284,Manitoba,4074785297.0
2022-08,NB,1776853110.0,1669298544,New Brunswick,3446151654.0
2022-08,NS,1015778189.0,561156615,Nova Scotia,1576934804.0
2022-08,NL,198095937.0,1302822331,Newfoundland & Labrador,1500918268.0
2022-08,NU,0.0,337013382,Nunavut,337013382.0
2022-08,NT,41821379.0,210637952,Northwest Territories,252459331.0
2022-08,PE,1415362.0,191005217,Prince Edward Island,192420579.0
2022-08,YT,10728455.0,25289028,Yukon,36017483.0
2022-09,ON,39137815804.0,19666815706,Ontario,58804631510.0
2022-09,AB,3857670717.0,17436076816,Alberta,21293747533.0
2022-09,QC,9063696604.0,9515227037,Quebec,18578923641.0
2022-09,BC,7122197208.0,5441537992,British Columbia,12563735200.0
2022-09,SK,1289352638.0,4433671034,Saskatchewan,5723023672.0
2022-09,ZZ,0.0,4342942859,Unspecified (re-exports),4342942859.0
2022-09,MB,2581030479.0,1711249206,Manitoba,4292279685.0
2022-09,NB,1404899351.0,1198345861,New Brunswick,2603245212.0
2022-09,NL,135390401.0,1285020726,Newfoundland & Labrador,1420411127.0
2022-09,NS,875440251.0,492046130,Nova Scotia,1367486381.0
2022-09,NU,0.0,368267107,Nunavut,368267107.0
2022-09,PE,1905188.0,206734884,Prince Edward Island,208640072.0
2022-09,NT,0.0,173268780,Northwest Territories,173268780.0
2022-09,YT,8680181.0,21033697,Yukon,29713878.0
2022-10,ON,39572143239.0,19111749222,Ontario,58683892461.0
2022-10,AB,3643680178.0,17113423596,Alberta,20757103774.0
2022-10,QC,9627181873.0,9666120553,Quebec,19293302426.0
2022-10,BC,7121176708.0,5032165187,British Columbia,12153341895.0
2022-10,SK,1265629373.0,5405985567,Saskatchewan,6671614940.0
2022-10,MB,2620515872.0,2238520445,Manitoba,4859036317.0
2022-10,ZZ,0.0,4619959835,Unspecified (re-exports),4619959835.0
2022-10,NB,1361277659.0,1254369269,New Brunswick,2615646928.0
2022-10,NS,1111306978.0,553819595,Nova Scotia,1665126573.0
2022-10,NL,257174958.0,988225560,Newfoundland & Labrador,1245400518.0
2022-10,NU,62510.0,214690905,Nunavut,214753415.0
2022-10,NT,0.0,204362360,Northwest Territories,204362360.0
2022-10,PE,3128547.0,174505081,Prince Edward Island,177633628.0
2022-10,YT,3084934.0,17039338,Yukon,20124272.0
2022-11,ON,38452822354.0,19516480983,Ontario,57969303337.0
2022-11,AB,3272361359.0,16371246515,Alberta,19643607874.0
2022-11,QC,8990261179.0,9685027135,Quebec,18675288314.0
2022-11,BC,6291634420.0,4511736491,British Columbia,10803370911.0
2022-11,SK,1232169619.0,5091150842,Saskatchewan,6323320461.0
2022-11,ZZ,0.0,4546820603,Unspecified (re-exports),4546820603.0
2022-11,MB,2325424938.0,2094416298,Manitoba,4419841236.0
2022-11,NB,1645958756.0,1343355166,New Brunswick,2989313922.0
2022-11,NS,963388351.0,504762922,Nova Scotia,1468151273.0
2022-11,NL,100890338.0,953211908,Newfoundland & Labrador,1054102246.0
2022-11,PE,39694190.0,184008535,Prince Edward Island,223702725.0
2022-11,NT,0.0,88526077,Northwest Territories,88526077.0
2022-11,NU,307582.0,45086743,Nunavut,45394325.0
2022-11,YT,4211266.0,4108819,Yukon,8320085.0
2022-12,ON,35540856974.0,19476487115,Ontario,55017344089.0
2022-12,AB,3412192391.0,16509278052,Alberta,19921470443.0
2022-12,QC,8285394152.0,10205623310,Quebec,18491017462.0
2022-12,BC,5689115683.0,5181176165,British Columbia,10870291848.0
2022-12,SK,1112028213.0,4288096637,Saskatchewan,5400124850.0
2022-12,MB,2480260165.0,1934603148,Manitoba,4414863313.0
2022-12,ZZ,0.0,4066609698,Unspecified (re-exports),4066609698.0
2022-12,NB,1325240582.0,1352115380,New Brunswick,2677355962.0
2022-12,NS,1106432659.0,558020849,Nova Scotia,1664453508.0
2022-12,NL,250685029.0,1144247817,Newfoundland & Labrador,1394932846.0
2022-12,NT,0.0,202481764,Northwest Territories,202481764.0
2022-12,PE,16047838.0,156872116,Prince Edward Island,172919954.0
2022-12,NU,6330782.0,106293334,Nunavut,112624116.0
2022-12,YT,1412762.0,2870561,Yukon,4283323.0
2023-01,ON,35049813356.0,20443438406,Ontario,55493251762.0
2023-01,AB,3473428677.0,16092781392,Alberta,19566210069.0
2023-01,QC,8004686024.0,9032436904,Quebec,17037122928.0
2023-01,BC,6169403459.0,5035180257,British Columbia,11204583716.0
2023-01,SK,1282919857.0,4716679849,Saskatchewan,5999599706.0
2023-01,ZZ,0.0,4294848604,Unspecified (re-exports),4294848604.0
2023-01,MB,2360210145.0,1899168675,Manitoba,4259378820.0
2023-01,NB,1522957325.0,1635727875,New Brunswick,3158685200.0
2023-01,NS,977363892.0,539429065,Nova Scotia,1516792957.0
2023-01,NL,73818505.0,1182037331,Newfoundland & Labrador,1255855836.0
2023-01,NT,9215.0,194580378,Northwest Territories,194589593.0
2023-01,PE,948335.0,169048418,Prince Edward Island,169996753.0
2023-01,NU,12078900.0,62665521,Nunavut,74744421.0
2023-01,YT,1528085.0,432894,Yukon,1960979.0
2023-02,ON,34832603659.0,18653422899,Ontario,53486026558.0
2023-02,AB,3036070769.0,13819584580,Alberta,16855655349.0
2023-02,QC,7599606027.0,8442306080,Quebec,16041912107.0
2023-02,BC,5664853866.0,4424415089,British Columbia,10089268955.0
2023-02,SK,1195814694.0,4313493025,Saskatchewan,5509307719.0
2023-02,ZZ,0.0,4122507908,Unspecified (re-exports),4122507908.0
2023-02,MB,2321720712.0,1723684319,Manitoba,4045405031.0
2023-02,NB,1285828002.0,1396358690,New Brunswick,2682186692.0
2023-02,NS,874465666.0,499239212,Nova Scotia,1373704878.0
2023-02,NL,441524975.0,811147549,Newfoundland & Labrador,1252672524.0
2023-02,NT,0.0,182425443,Northwest Territories,182425443.0
2023-02,PE,1044289.0,174977594,Prince Edward Island,176021883.0
2023-02,NU,5248.0,105807592,Nunavut,105812840.0
2023-02,YT,846179.0,26202278,Yukon,27048457.0
2023-03,ON,39830056378.0,22757293095,Ontario,62587349473.0
2023-03,QC,9213779295.0,10401977724,Quebec,19615757019.0
2023-03,AB,3614481054.0,15044794913,Alberta,18659275967.0
2023-03,BC,6836370934.0,5303753641,British Columbia,12140124575.0
2023-03,SK,1531500116.0,4852436539,Saskatchewan,6383936655.0
2023-03,ZZ,0.0,5088707545,Unspecified (re-exports),5088707545.0
2023-03,MB,3002147053.0,2080329159,Manitoba,5082476212.0
2023-03,NB,1635412287.0,1551333082,New Brunswick,3186745369.0
2023-03,NS,1001520833.0,556439779,Nova Scotia,1557960612.0
2023-03,NL,137639259.0,883712496,Newfoundland & Labrador,1021351755.0
2023-03,NT,0.0,229152591,Northwest Territories,229152591.0
2023-03,PE,715890.0,174114480,Prince Edward Island,174830370.0
2023-03,NU,1311951.0,105061245,Nunavut,106373196.0
2023-03,YT,3608896.0,23367428,Yukon,26976324.0
2023-04,ON,36309513896.0,21117680119,Ontario,57427194015.0
2023-04,QC,8362575193.0,8934929514,Quebec,17297504707.0
2023-04,AB,3698518378.0,13194162616,Alberta,16892680994.0
2023-04,BC,5804595302.0,4691741387,British Columbia,10496336689.0
2023-04,SK,1351358012.0,4350175688,Saskatchewan,5701533700.0
2023-04,ZZ,0.0,4412774615,Unspecified (re-exports),4412774615.0
2023-04,MB,2716550860.0,1692204516,Manitoba,4408755376.0
2023-04,NB,1366057449.0,1456764433,New Brunswick,2822821882.0
2023-04,NS,979545719.0,480989635,Nova Scotia,1460535354.0
2023-04,NL,122624063.0,1116191109,Newfoundland & Labrador,1238815172.0
2023-04,PE,1296861.0,174888880,Prince Edward Island,176185741.0
2023-04,NT,0.0,126576468,Northwest Territories,126576468.0
2023-04,NU,3538032.0,82315645,Nunavut,85853677.0
2023-04,YT,5471731.0,920332,Yukon,6392063.0
2023-05,ON,40520618801.0,22524108762,Ontario,63044727563.0
2023-05,QC,9489184469.0,9637107069,Quebec,19126291538.0
2023-05,AB,3682322974.0,14443800023,Alberta,18126122997.0
2023-05,BC,6698438889.0,4835839153,British Columbia,11534278042.0
2023-05,SK,1264138364.0,4151367824,Saskatchewan,5415506188.0
2023-05,ZZ,0.0,4966036068,Unspecified (re-exports),4966036068.0
2023-05,MB,2740398387.0,1818251303,Manitoba,4558649690.0
2023-05,NB,1425787571.0,1639492467,New Brunswick,3065280038.0
2023-05,NS,1166433748.0,609245923,Nova Scotia,1775679671.0
2023-05,NL,140435089.0,1099609168,Newfoundland & Labrador,1240044257.0
2023-05,PE,1691340.0,204421931,Prince Edward Island,206113271.0
2023-05,NT,0.0,172394206,Northwest Territories,172394206.0
2023-05,NU,8012163.0,23692480,Nunavut,31704643.0
2023-05,YT,4706950.0,2515291,Yukon,7222241.0
2023-06,ON,40610660907.0,21834057592,Ontario,62444718499.0
2023-06,QC,9561168562.0,9205646166,Quebec,18766814728.0
2023-06,AB,3306266968.0,12557985240,Alberta,15864252208.0
2023-06,BC,6706283691.0,4563870224,British Columbia,11270153915.0
2023-06,SK,1270931296.0,3686773138,Saskatchewan,4957704434.0
2023-06,ZZ,0.0,4735197410,Unspecified (re-exports),4735197410.0
2023-06,MB,2618657612.0,1690259504,Manitoba,4308917116.0
2023-06,NB,1243756894.0,1446304930,New Brunswick,2690061824.0
2023-06,NS,1117806934.0,624577162,Nova Scotia,1742384096.0
2023-06,NL,236825785.0,1211708659,Newfoundland & Labrador,1448534444.0
2023-06,PE,913945.0,238811379,Prince Edward Island,239725324.0
2023-06,NU,4631876.0,134241161,Nunavut,138873037.0
2023-06,NT,0.0,60310084,Northwest Territories,60310084.0
2023-06,YT,8182093.0,9064702,Yukon,17246795.0
2023-07,ON,36439196542.0,19285264422,Ontario,55724460964.0
2023-07,QC,8316809990.0,9157215675,Quebec,17474025665.0
2023-07,AB,3183105410.0,13001494985,Alberta,16184600395.0
2023-07,BC,5862300105.0,3991623311,British Columbia,9853923416.0
2023-07,SK,1171470766.0,3446399814,Saskatchewan,4617870580.0
2023-07,ZZ,0.0,4528581326,Unspecified (re-exports),4528581326.0
2023-07,MB,2322434366.0,1662445908,Manitoba,3984880274.0
2023-07,NB,1421083762.0,1535546740,New Brunswick,2956630502.0
2023-07,NS,1023208779.0,562567860,Nova Scotia,1585776639.0
2023-07,NL,121200062.0,1093946154,Newfoundland & Labrador,1215146216.0
2023-07,NT,0.0,203106606,Northwest Territories,203106606.0
2023-07,PE,906295.0,181292082,Prince Edward Island,182198377.0
2023-07,NU,81511852.0,91085117,Nunavut,172596969.0
2023-07,YT,8614925.0,8296983,Yukon,16911908.0
2023-08,ON,40447750444.0,21953372664,Ontario,62401123108.0
2023-08,QC,9673583508.0,9105279749,Quebec,18778863257.0
2023-08,AB,3194049224.0,15160791121,Alberta,18354840345.0
2023-08,BC,6710416590.0,4908724235,British Columbia,11619140825.0
2023-08,SK,1307349105.0,3705607582,Saskatchewan,5012956687.0
2023-08,ZZ,0.0,4613327866,Unspecified (re-exports),4613327866.0
2023-08,MB,2542619197.0,1632327454,Manitoba,4174946651.0
2023-08,NB,1729583641.0,1591286157,New Brunswick,3320869798.0
2023-08,NS,1067680788.0,526761801,Nova Scotia,1594442589.0
2023-08,NL,146002896.0,1075832237,Newfoundland & Labrador,1221835133.0
2023-08,NU,50028317.0,293154653,Nunavut,343182970.0
2023-08,PE,1045011.0,207432495,Prince Edward Island,208477506.0
2023-08,NT,3309386.0,186927976,Northwest Territories,190237362.0
2023-08,YT,6335325.0,9068031,Yukon,15403356.0
2023-09,ON,40043698297.0,20928825558,Ontario,60972523855.0
2023-09,QC,8344458825.0,9927773184,Quebec,18272232009.0
2023-09,AB,3150759725.0,14683036261,Alberta,17833795986.0
2023-09,BC,6474327014.0,4631162262,British Columbia,11105489276.0
2023-09,SK,1386280665.0,3727161157,Saskatchewan,5113441822.0
2023-09,ZZ,0.0,4852410794,Unspecified (re-exports),4852410794.0
2023-09,MB,2554126414.0,1806164334,Manitoba,4360290748.0
2023-09,NB,1206771131.0,1243063540,New Brunswick,2449834671.0
2023-09,NL,228152485.0,1139047826,Newfoundland & Labrador,1367200311.0
2023-09,NS,800670719.0,542117389,Nova Scotia,1342788108.0
2023-09,NU,804194.0,454385740,Nunavut,455189934.0
2023-09,PE,1835489.0,199321171,Prince Edward Island,201156660.0
2023-09,NT,26498223.0,104773077,Northwest Territories,131271300.0
2023-09,YT,6323476.0,7146324,Yukon,13469800.0
2023-10,ON,40952462962.0,21971578821,Ontario,62924041783.0
2023-10,QC,8900250190.0,10522987967,Quebec,19423238157.0
2023-10,AB,3340087174.0,15819022990,Alberta,19159110164.0
2023-10,BC,6336563785.0,4431238279,British Columbia,10767802064.0
2023-10,SK,1350567431.0,4729083524,Saskatchewan,6079650955.0
2023-10,ZZ,0.0,5154176021,Unspecified (re-exports),5154176021.0
2023-10,MB,2537839014.0,1957678867,Manitoba,4495517881.0
2023-10,NB,898651674.0,1013025551,New Brunswick,1911677225.0
2023-10,NS,883275396.0,568193903,Nova Scotia,1451469299.0
2023-10,NL,103962344.0,753581877,Newfoundland & Labrador,857544221.0
2023-10,NU,0.0,430121641,Nunavut,430121641.0
2023-10,PE,515055.0,196427585,Prince Edward Island,196942640.0
2023-10,NT,0.0,173340779,Northwest Territories,173340779.0
2023-10,YT,3881104.0,5570229,Yukon,9451333.0
2023-11,ON,39091675765.0,21040793075,Ontario,60132468840.0
2023-11,AB,3915495405.0,16437015465,Alberta,20352510870.0
2023-11,QC,8747465017.0,10653371362,Quebec,19400836379.0
2023-11,BC,5969114860.0,4572789698,British Columbia,10541904558.0
2023-11,SK,1318364173.0,4202675304,Saskatchewan,5521039477.0
2023-11,ZZ,0.0,4578091990,Unspecified (re-exports),4578091990.0
2023-11,MB,2464359332.0,2053992506,Manitoba,4518351838.0
2023-11,NB,1147323103.0,1111098769,New Brunswick,2258421872.0
2023-11,NL,331953434.0,1053347583,Newfoundland & Labrador,1385301017.0
2023-11,NS,891422243.0,469253429,Nova Scotia,1360675672.0
2023-11,PE,49078370.0,225047709,Prince Edward Island,274126079.0
2023-11,NU,96081151.0,106179957,Nunavut,202261108.0
2023-11,NT,0.0,94491292,Northwest Territories,94491292.0
2023-11,YT,3977434.0,8257493,Yukon,12234927.0
2023-12,ON,36308596788.0,19486470259,Ontario,55795067047.0
2023-12,QC,7982591869.0,11088206901,Quebec,19070798770.0
2023-12,AB,3590520373.0,14505693870,Alberta,18096214243.0
2023-12,BC,5296849626.0,4909373661,British Columbia,10206223287.0
2023-12,SK,1348925285.0,3630482005,Saskatchewan,4979407290.0
2023-12,ZZ,0.0,4211400220,Unspecified (re-exports),4211400220.0
2023-12,MB,2438850171.0,1579295774,Manitoba,4018145945.0
2023-12,NB,1323089944.0,1284034970,New Brunswick,2607124914.0
2023-12,NS,767781063.0,512794330,Nova Scotia,1280575393.0
2023-12,NL,118977403.0,928710654,Newfoundland & Labrador,1047688057.0
2023-12,PE,6478279.0,191647188,Prince Edward Island,198125467.0
2023-12,NU,0.0,124403103,Nunavut,124403103.0
2023-12,NT,0.0,119332308,Northwest Territories,119332308.0
2023-12,YT,1760801.0,8878766,Yukon,10639567.0
2024-01,ON,33861665831.0,19609630810,Ontario,53471296641.0
2024-01,AB,2972610846.0,15230285082,Alberta,18202895928.0
2024-01,QC,8081267576.0,8698276525,Quebec,16779544101.0
2024-01,BC,5561108527.0,4348123255,British Columbia,9909231782.0
2024-01,SK,1214317093.0,3602766899,Saskatchewan,4817083992.0
2024-01,ZZ,0.0,4433514583,Unspecified (re-exports),4433514583.0
2024-01,MB,2390718209.0,1670145858,Manitoba,4060864067.0
2024-01,NB,1314723871.0,1634867437,New Brunswick,2949591308.0
2024-01,NS,681320166.0,539777725,Nova Scotia,1221097891.0
2024-01,NL,179622577.0,826384986,Newfoundland & Labrador,1006007563.0
2024-01,PE,789482.0,189991529,Prince Edward Island,190781011.0
2024-01,NT,0.0,158504860,Northwest Territories,158504860.0
2024-01,NU,0.0,50299501,Nunavut,50299501.0
2024-01,YT,2071681.0,6687126,Yukon,8758807.0
2024-02,ON,35817906525.0,21675336302,Ontario,57493242827.0
2024-02,QC,8119621151.0,9026424477,Quebec,17146045628.0
2024-02,AB,3294346182.0,13504257817,Alberta,16798603999.0
2024-02,BC,6204665894.0,4336255402,British Columbia,10540921296.0
2024-02,SK,1331367475.0,3532985502,Saskatchewan,4864352977.0
2024-02,MB,2564479124.0,1775382585,Manitoba,4339861709.0
2024-02,ZZ,0.0,4063776185,Unspecified (re-exports),4063776185.0
2024-02,NB,1473525660.0,1350311883,New Brunswick,2823837543.0
2024-02,NL,129794171.0,1336274184,Newfoundland & Labrador,1466068355.0
2024-02,NS,909822860.0,494919887,Nova Scotia,1404742747.0
2024-02,NU,644166.0,173722632,Nunavut,174366798.0
2024-02,PE,1468336.0,163777867,Prince Edward Island,165246203.0
2024-02,NT,0.0,134346848,Northwest Territories,134346848.0
2024-02,YT,1545655.0,5418158,Yukon,6963813.0
2024-03,ON,39907972642.0,21335364669,Ontario,61243337311.0
2024-03,QC,8492352025.0,10117331208,Quebec,18609683233.0
2024-03,AB,3344270551.0,13924414632,Alberta,17268685183.0
2024-03,BC,6096085506.0,5204316843,British Columbia,11300402349.0
2024-03,SK,1646866376.0,3747160430,Saskatchewan,5394026806.0
2024-03,MB,2875680913.0,1929033696,Manitoba,4804714609.0
2024-03,ZZ,0.0,4557278194,Unspecified (re-exports),4557278194.0
2024-03,NB,1312400147.0,1482103448,New Brunswick,2794503595.0
2024-03,NS,933729345.0,519470850,Nova Scotia,1453200195.0
2024-03,NL,144675513.0,976734535,Newfoundland & Labrador,1121410048.0
2024-03,PE,619547.0,189386573,Prince Edward Island,190006120.0
2024-03,NT,320706.0,141634636,Northwest Territories,141955342.0
2024-03,NU,0.0,116066532,Nunavut,116066532.0
2024-03,YT,4522091.0,12783338,Yukon,17305429.0
2024-04,ON,39513377545.0,21476400342,Ontario,60989777887.0
2024-04,AB,3483025382.0,15364385577,Alberta,18847410959.0
2024-04,QC,9141526396.0,9489908247,Quebec,18631434643.0
2024-04,BC,6105377848.0,4552654918,British Columbia,10658032766.0
2024-04,SK,1458222711.0,3828069098,Saskatchewan,5286291809.0
2024-04,ZZ,0.0,4811991898,Unspecified (re-exports),4811991898.0
2024-04,MB,2824945141.0,1789346116,Manitoba,4614291257.0
2024-04,NB,1472906039.0,1413933397,New Brunswick,2886839436.0
2024-04,NS,1382342160.0,542187185,Nova Scotia,1924529345.0
2024-04,NL,213879864.0,916534439,Newfoundland & Labrador,1130414303.0
2024-04,PE,256494.0,200461362,Prince Edward Island,200717856.0
2024-04,NT,940.0,142513118,Northwest Territories,142514058.0
2024-04,NU,353867.0,78670343,Nunavut,79024210.0
2024-04,YT,3987019.0,14669640,Yukon,18656659.0
2024-05,ON,39776940407.0,20767201201,Ontario,60544141608.0
2024-05,QC,9507578667.0,9723872927,Quebec,19231451594.0
2024-05,AB,3616056505.0,15591993410,Alberta,19208049915.0
2024-05,BC,6364804544.0,4586888634,British Columbia,10951693178.0
2024-05,SK,1482695750.0,3957142707,Saskatchewan,5439838457.0
2024-05,MB,2834821487.0,1996392868,Manitoba,4831214355.0
2024-05,ZZ,0.0,4790505083,Unspecified (re-exports),4790505083.0
2024-05,NB,1340882842.0,1528826950,New Brunswick,2869709792.0
2024-05,NS,1027174506.0,645372784,Nova Scotia,1672547290.0
2024-05,NL,230002315.0,1347001987,Newfoundland & Labrador,1577004302.0
2024-05,PE,400314.0,210465156,Prince Edward Island,210865470.0
2024-05,NU,0.0,170660881,Nunavut,170660881.0
2024-05,NT,9151.0,110184973,Northwest Territories,110194124.0
2024-05,YT,10566707.0,21472282,Yukon,32038989.0
2024-06,ON,39845850368.0,20880241926,Ontario,60726092294.0
2024-06,QC,9259857055.0,10659592419,Quebec,19919449474.0
2024-06,AB,3338080908.0,15285747881,Alberta,18623828789.0
2024-06,BC,5869489493.0,4853004753,British Columbia,10722494246.0
2024-06,SK,1455885444.0,3671034962,Saskatchewan,5126920406.0
2024-06,ZZ,0.0,4894364772,Unspecified (re-exports),4894364772.0
2024-06,MB,2617707122.0,1781610757,Manitoba,4399317879.0
2024-06,NB,1390871090.0,1688243653,New Brunswick,3079114743.0
2024-06,NS,1000679701.0,634646802,Nova Scotia,1635326503.0
2024-06,NL,423360588.0,1163088142,Newfoundland & Labrador,1586448730.0
2024-06,PE,472550.0,247500227,Prince Edward Island,247972777.0
2024-06,NU,79557.0,166477852,Nunavut,166557409.0
2024-06,NT,10261.0,51149323,Northwest Territories,51159584.0
2024-06,YT,11023156.0,17048134,Yukon,28071290.0
2024-07,ON,37831993300.0,19447642587,Ontario,57279635887.0
2024-07,AB,3306154899.0,16872908901,Alberta,20179063800.0
2024-07,QC,9363340047.0,10748215421,Quebec,20111555468.0
2024-07,BC,6625058846.0,4388546611,British Columbia,11013605457.0
2024-07,SK,1351653384.0,3820395465,Saskatchewan,5172048849.0
2024-07,ZZ,0.0,4851215045,Unspecified (re-exports),4851215045.0
2024-07,MB,2327241101.0,1841481610,Manitoba,4168722711.0
2024-07,NB,1780438615.0,1636709806,New Brunswick,3417148421.0
2024-07,NL,276964525.0,1563231726,Newfoundland & Labrador,1840196251.0
2024-07,NS,1058808048.0,576076334,Nova Scotia,1634884382.0
2024-07,PE,474849.0,223014091,Prince Edward Island,223488940.0
2024-07,NT,0.0,161968123,Northwest Territories,161968123.0
2024-07,NU,4659113.0,115929205,Nunavut,120588318.0
2024-07,YT,14127166.0,17082612,Yukon,31209778.0
2024-08,ON,40112546352.0,20404633036,Ontario,60517179388.0
2024-08,QC,9324844159.0,9426274154,Quebec,18751118313.0
2024-08,AB,3457114910.0,14892076395,Alberta,18349191305.0
2024-08,BC,7066638929.0,4355038802,British Columbia,11421677731.0
2024-08,SK,1408455201.0,3455308737,Saskatchewan,4863763938.0
2024-08,ZZ,0.0,4444543609,Unspecified (re-exports),4444543609.0
2024-08,MB,2640431326.0,1731633167,Manitoba,4372064493.0
2024-08,NB,1473202258.0,1403865329,New Brunswick,2877067587.0
2024-08,NL,338462251.0,1153866634,Newfoundland & Labrador,1492328885.0
2024-08,NS,815038604.0,561716061,Nova Scotia,1376754665.0
2024-08,NU,9874665.0,489287501,Nunavut,499162166.0
2024-08,PE,947593.0,220550434,Prince Edward Island,221498027.0
2024-08,NT,39499305.0,130437453,Northwest Territories,169936758.0
2024-08,YT,6941703.0,11050801,Yukon,17992504.0
2024-09,ON,39892646355.0,20421949107,Ontario,60314595462.0
2024-09,QC,8798916405.0,10566988735,Quebec,19365905140.0
2024-09,AB,3336931170.0,15020776058,Alberta,18357707228.0
2024-09,BC,6384645853.0,4731781346,British Columbia,11116427199.0
2024-09,ZZ,0.0,4981698066,Unspecified (re-exports),4981698066.0
2024-09,SK,1311378209.0,3581028181,Saskatchewan,4892406390.0
2024-09,MB,2456829437.0,1724479080,Manitoba,4181308517.0
2024-09,NB,1278689451.0,1300509061,New Brunswick,2579198512.0
2024-09,NL,261876216.0,1200197903,Newfoundland & Labrador,1462074119.0
2024-09,NS,791572937.0,539972440,Nova Scotia,1331545377.0
2024-09,NU,0.0,387572409,Nunavut,387572409.0
2024-09,PE,2261489.0,217281929,Prince Edward Island,219543418.0
2024-09,NT,42877714.0,119008003,Northwest Territories,161885717.0
2024-09,YT,8637312.0,11699823,Yukon,20337135.0
2024-10,ON,41594372312.0,22529649283,Ontario,64124021595.0
2024-10,QC,9488230251.0,10401300811,Quebec,19889531062.0
2024-10,AB,3365646206.0,15831097829,Alberta,19196744035.0
2024-10,BC,6605445979.0,4389756620,British Columbia,10995202599.0
2024-10,ZZ,0.0,5627209816,Unspecified (re-exports),5627209816.0
2024-10,SK,1329730899.0,4243945791,Saskatchewan,5573676690.0
2024-10,MB,2661889387.0,1937454242,Manitoba,4599343629.0
2024-10,NB,1630091554.0,1387370531,New Brunswick,3017462085.0
2024-10,NS,1122771098.0,509938400,Nova Scotia,1632709498.0
2024-10,NL,289774339.0,971398511,Newfoundland & Labrador,1261172850.0
2024-10,NU,60400030.0,243892718,Nunavut,304292748.0
2024-10,PE,8570440.0,231888959,Prince Edward Island,240459399.0
2024-10,NT,0.0,98690790,Northwest Territories,98690790.0
2024-10,YT,6969171.0,2859660,Yukon,9828831.0
2024-11,ON,39148603707.0,21734882758,Ontario,60883486465.0
2024-11,QC,8634609846.0,11157864471,Quebec,19792474317.0
2024-11,AB,3688797919.0,14243547616,Alberta,17932345535.0
2024-11,BC,5744199753.0,4283924883,British Columbia,10028124636.0
2024-11,SK,1321973573.0,4004946412,Saskatchewan,5326919985.0
2024-11,ZZ,0.0,4988035559,Unspecified (re-exports),4988035559.0
2024-11,MB,2499178307.0,2091370144,Manitoba,4590548451.0
2024-11,NB,1313944349.0,1252843326,New Brunswick,2566787675.0
2024-11,NL,809934712.0,1054520198,Newfoundland & Labrador,1864454910.0
2024-11,NS,1002932659.0,495049811,Nova Scotia,1497982470.0
2024-11,PE,35500441.0,214135552,Prince Edward Island,249635993.0
2024-11,NU,5128179.0,195690070,Nunavut,200818249.0
2024-11,NT,0.0,62206794,Northwest Territories,62206794.0
2024-11,YT,3759856.0,12686062,Yukon,16445918.0
2024-12,ON,37410899473.0,22174365652,Ontario,59585265125.0
2024-12,QC,8830557882.0,11686733336,Quebec,20517291218.0
2024-12,AB,3324844767.0,16872765998,Alberta,20197610765.0
2024-12,BC,5770207703.0,4839706806,British Columbia,10609914509.0
2024-12,ZZ,0.0,5348806091,Unspecified (re-exports),5348806091.0
2024-12,SK,1297197801.0,3926303802,Saskatchewan,5223501603.0
2024-12,MB,2407016601.0,1673390384,Manitoba,4080406985.0
2024-12,NB,1431635035.0,1395382370,New Brunswick,2827017405.0
2024-12,NL,396117520.0,1126603744,Newfoundland & Labrador,1522721264.0
2024-12,NS,942780411.0,573495624,Nova Scotia,1516276035.0
2024-12,PE,18255715.0,212337880,Prince Edward Island,230593595.0
2024-12,NU,5368701.0,91784402,Nunavut,97153103.0
2024-12,NT,0.0,79394617,Northwest Territories,79394617.0
2024-12,YT,10568739.0,16217341,Yukon,26786080.0
2025-01,ON,37564646777.0,24213408693,Ontario,61778055470.0
2025-01,AB,3580352044.0,18183273572,Alberta,21763625616.0
2025-01,QC,9116894895.0,10514176204,Quebec,19631071099.0
2025-01,BC,6522547943.0,5078877187,British Columbia,11601425130.0
2025-01,SK,1314551881.0,4219271065,Saskatchewan,5533822946.0
2025-01,ZZ,0.0,5468009135,Unspecified (re-exports),5468009135.0
2025-01,MB,2526260292.0,2134077046,Manitoba,4660337338.0
2025-01,NB,1228910759.0,1759786135,New Brunswick,2988696894.0
2025-01,NS,913568357.0,625666633,Nova Scotia,1539234990.0
2025-01,NL,183370631.0,1162806809,Newfoundland & Labrador,1346177440.0
2025-01,PE,2751647.0,235034208,Prince Edward Island,237785855.0
2025-01,NT,0.0,114794062,Northwest Territories,114794062.0
2025-01,YT,2924986.0,18286369,Yukon,21211355.0
2025-01,NU,0.0,184013,Nunavut,184013.0
2025-02,ON,37372316517.0,21268560952,Ontario,58640877469.0
2025-02,AB,3467604513.0,16343638365,Alberta,19811242878.0
2025-02,QC,8999262595.0,10112747613,Quebec,19112010208.0
2025-02,BC,5658175262.0,4164100113,British Columbia,9822275375.0
2025-02,SK,1477254258.0,3455574993,Saskatchewan,4932829251.0
2025-02,ZZ,0.0,4932124798,Unspecified (re-exports),4932124798.0
2025-02,MB,2674447918.0,2039492518,Manitoba,4713940436.0
2025-02,NB,1545451532.0,1372251616,New Brunswick,2917703148.0
2025-02,NS,892846174.0,516381243,Nova Scotia,1409227417.0
2025-02,NL,84300032.0,803679986,Newfoundland & Labrador,887980018.0
2025-02,PE,4943314.0,188548859,Prince Edward Island,193492173.0
2025-02,NT,4924.0,91831721,Northwest Territories,91836645.0
2025-02,YT,2096614.0,18669139,Yukon,20765753.0
2025-02,NU,0.0,40601,Nunavut,40601.0
2025-03,ON,43490829695.0,24305812093,Ontario,67796641788.0
2025-03,QC,10467947619.0,11386415235,Quebec,21854362854.0
2025-03,AB,3637355076.0,15903817169,Alberta,19541172245.0
2025-03,BC,6764903267.0,5301944140,British Columbia,12066847407.0
2025-03,ZZ,0.0,5987864619,Unspecified (re-exports),5987864619.0
2025-03,SK,1935210143.0,3750264853,Saskatchewan,5685474996.0
2025-03,MB,3457398649.0,1810790536,Manitoba,5268189185.0
2025-03,NB,1543730626.0,1422452014,New Brunswick,2966182640.0
2025-03,NS,990987454.0,543198157,Nova Scotia,1534185611.0
2025-03,NL,182946085.0,1270360899,Newfoundland & Labrador,1453306984.0
2025-03,PE,1582680.0,170305631,Prince Edward Island,171888311.0
2025-03,NT,0.0,60560216,Northwest Territories,60560216.0
2025-03,YT,1018072.0,14020723,Yukon,15038795.0
2025-03,NU,3600.0,412286,Nunavut,415886.0
2025-04,ON,40025196237.0,20048524154,Ontario,60073720391.0
2025-04,QC,10012927889.0,8652285788,Quebec,18665213677.0
2025-04,AB,3375238981.0,14185106842,Alberta,17560345823.0
2025-04,BC,6377981234.0,4243292170,British Columbia,10621273404.0
2025-04,SK,1311373763.0,3752209891,Saskatchewan,5063583654.0
2025-04,ZZ,0.0,4748235172,Unspecified (re-exports),4748235172.0
2025-04,MB,2669089582.0,1395845598,Manitoba,4064935180.0
2025-04,NB,1226915670.0,1240636705,New Brunswick,2467552375.0
2025-04,NS,1205623900.0,515659265,Nova Scotia,1721283165.0
2025-04,NL,201861386.0,1099972143,Newfoundland & Labrador,1301833529.0
2025-04,PE,1303201.0,204825738,Prince Edward Island,206128939.0
2025-04,NT,198421.0,99929166,Northwest Territories,100127587.0
2025-04,NU,0.0,56600235,Nunavut,56600235.0
2025-04,YT,6295762.0,19046420,Yukon,25342182.0
2025-05,ON,41638975306.0,22592258605,Ontario,64231233911.0
2025-05,QC,9887150525.0,8933197204,Quebec,18820347729.0
2025-05,AB,3404130631.0,13622276327,Alberta,17026406958.0
2025-05,BC,6304332745.0,4418368066,British Columbia,10722700811.0
2025-05,SK,1346054329.0,3471959571,Saskatchewan,4818013900.0
2025-05,ZZ,0.0,4348914562,Unspecified (re-exports),4348914562.0
2025-05,MB,2665315209.0,1451500155,Manitoba,4116815364.0
2025-05,NB,1186449009.0,1365574693,New Brunswick,2552023702.0
2025-05,NL,196348503.0,1412718129,Newfoundland & Labrador,1609066632.0
2025-05,NS,976120438.0,603670318,Nova Scotia,1579790756.0
2025-05,PE,16947828.0,201623367,Prince Edward Island,218571195.0
2025-05,NT,0.0,101017660,Northwest Territories,101017660.0
2025-05,NU,264560.0,96759857,Nunavut,97024417.0
2025-05,YT,7165293.0,15962772,Yukon,23128065.0
2025-06,ON,39189339046.0,21030864886,Ontario,60220203932.0
2025-06,QC,10398081085.0,9744424113,Quebec,20142505198.0
2025-06,AB,3324819614.0,12791357945,Alberta,16116177559.0
2025-06,BC,6286850374.0,4753670378,British Columbia,11040520752.0
2025-06,SK,1275123492.0,3260413727,Saskatchewan,4535537219.0
2025-06,ZZ,0.0,4452273767,Unspecified (re-exports),4452273767.0
2025-06,MB,2480222932.0,1561701089,Manitoba,4041924021.0
2025-06,NL,2330624544.0,1201292800,Newfoundland & Labrador,3531917344.0
2025-06,NB,1174034689.0,1512696245,New Brunswick,2686730934.0
2025-06,NS,981910975.0,611331815,Nova Scotia,1593242790.0
2025-06,PE,35131155.0,236357732,Prince Edward Island,271488887.0
2025-06,NT,0.0,54266617,Northwest Territories,54266617.0
2025-06,NU,0.0,26622699,Nunavut,26622699.0
2025-06,YT,9910119.0,10958288,Yukon,20868407.0
2025-07,ON,39322901623.0,21214665444,Ontario,60537567067.0
2025-07,QC,10105823183.0,8586855041,Quebec,18692678224.0
2025-07,AB,3174848828.0,14128146959,Alberta,17302995787.0
2025-07,BC,6541068613.0,4584814266,British Columbia,11125882879.0
2025-07,ZZ,0.0,4825721934,Unspecified (re-exports),4825721934.0
2025-07,SK,1374675666.0,3339281490,Saskatchewan,4713957156.0
2025-07,MB,2423710396.0,1423509409,Manitoba,3847219805.0
2025-07,NB,1411727481.0,1332578769,New Brunswick,2744306250.0
2025-07,NL,253001341.0,1682478368,Newfoundland & Labrador,1935479709.0
2025-07,NS,1108762950.0,594055874,Nova Scotia,1702818824.0
2025-07,PE,2253743.0,208795193,Prince Edward Island,211048936.0
2025-07,NU,40648323.0,102631070,Nunavut,143279393.0
2025-07,NT,0.0,115261176,Northwest Territories,115261176.0
2025-07,YT,15612494.0,12761200,Yukon,28373694.0
2025-08,ON,40127744353.0,19363931409,Ontario,59491675762.0
2025-08,QC,9324190814.0,8197637285,Quebec,17521828099.0
2025-08,AB,3295625066.0,13680712173,Alberta,16976337239.0
2025-08,BC,6480197590.0,4166730262,British Columbia,10646927852.0
2025-08,SK,1450081261.0,3163277182,Saskatchewan,4613358443.0
2025-08,ZZ,0.0,4482173383,Unspecified (re-exports),4482173383.0
2025-08,MB,2622106149.0,1430998902,Manitoba,4053105051.0
2025-08,NB,1146948752.0,1275074716,New Brunswick,2422023468.0
2025-08,NL,337541465.0,983617977,Newfoundland & Labrador,1321159442.0
2025-08,NS,740337437.0,515858052,Nova Scotia,1256195489.0
2025-08,NU,83670535.0,371366612,Nunavut,455037147.0
2025-08,PE,14702069.0,209591637,Prince Edward Island,224293706.0
2025-08,NT,0.0,76779371,Northwest Territories,76779371.0
2025-08,YT,10059013.0,23952095,Yukon,34011108.0
2025-09,ON,38536785237.0,22643393339,Ontario,61180178576.0
2025-09,QC,9223107984.0,10296668437,Quebec,19519776421.0
2025-09,AB,3375618022.0,14147354600,Alberta,17522972622.0
2025-09,BC,6281381423.0,4447683158,British Columbia,10729064581.0
2025-09,SK,1349953991.0,3560541901,Saskatchewan,4910495892.0
2025-09,ZZ,0.0,4512312709,Unspecified (re-exports),4512312709.0
2025-09,MB,2378442124.0,1496737901,Manitoba,3875180025.0
2025-09,NB,1129044225.0,1092801393,New Brunswick,2221845618.0
2025-09,NS,1001328137.0,537949488,Nova Scotia,1539277625.0
2025-09,NL,334156798.0,1114871793,Newfoundland & Labrador,1449028591.0
2025-09,NU,113295462.0,379199074,Nunavut,492494536.0
2025-09,PE,26964215.0,211997412,Prince Edward Island,238961627.0
2025-09,NT,44539986.0,73824067,Northwest Territories,118364053.0
2025-09,YT,9938342.0,21405817,Yukon,31344159.0
2025-10,ON,43240095664.0,25279007868,Ontario,68519103532.0
2025-10,QC,9553224477.0,9419000019,Quebec,18972224496.0
2025-10,AB,3083359651.0,14677797761,Alberta,17761157412.0
2025-10,BC,6520486044.0,4386343748,British Columbia,10906829792.0
2025-10,SK,1537694646.0,4225394219,Saskatchewan,5763088865.0
2025-10,ZZ,0.0,4913997124,Unspecified (re-exports),4913997124.0
2025-10,MB,2818673110.0,1666279274,Manitoba,4484952384.0
2025-10,NB,1271315771.0,1063263513,New Brunswick,2334579284.0
2025-10,NL,371932752.0,1299677613,Newfoundland & Labrador,1671610365.0
2025-10,NS,829412507.0,532645915,Nova Scotia,1362058422.0
2025-10,PE,4336287.0,238093171,Prince Edward Island,242429458.0
2025-10,NU,0.0,133967025,Nunavut,133967025.0
2025-10,NT,0.0,82814534,Northwest Territories,82814534.0
2025-10,YT,7327928.0,22995760,Yukon,30323688.0
2025-11,ON,38656940088.0,21944303711,Ontario,60601243799.0
2025-11,QC,9540090916.0,9792920091,Quebec,19333011007.0
2025-11,AB,2789335392.0,13833594593,Alberta,16622929985.0
2025-11,BC,6127236726.0,4645767362,British Columbia,10773004088.0
2025-11,SK,1354854247.0,3709859880,Saskatchewan,5064714127.0
2025-11,ZZ,0.0,4527455291,Unspecified (re-exports),4527455291.0
2025-11,MB,2473736843.0,1699648412,Manitoba,4173385255.0
2025-11,NB,993977215.0,1266071614,New Brunswick,2260048829.0
2025-11,NS,956469997.0,496229027,Nova Scotia,1452699024.0
2025-11,NL,292423199.0,750545105,Newfoundland & Labrador,1042968304.0
2025-11,PE,45553679.0,225953227,Prince Edward Island,271506906.0
2025-11,NT,0.0,61439521,Northwest Territories,61439521.0
2025-11,YT,5826045.0,18809695,Yukon,24635740.0
2025-11,NU,336665.0,152021,Nunavut,488686.0
2025-12,ON,37996966374.0,22694304863,Ontario,60691271237.0
2025-12,QC,8449591492.0,12239368018,Quebec,20688959510.0
2025-12,AB,2670231013.0,15938789545,Alberta,18609020558.0
2025-12,BC,6232373561.0,4625409218,British Columbia,10857782779.0
2025-12,SK,1315376321.0,3723087353,Saskatchewan,5038463674.0
2025-12,ZZ,0.0,4536781670,Unspecified (re-exports),4536781670.0
2025-12,MB,2635704895.0,1549069044,Manitoba,4184773939.0
2025-12,NB,1413239704.0,1266848851,New Brunswick,2680088555.0
2025-12,NS,1192394578.0,517675324,Nova Scotia,1710069902.0
2025-12,NL,186219638.0,938788105,Newfoundland & Labrador,1125007743.0
2025-12,PE,41726416.0,236141964,Prince Edward Island,277868380.0
2025-12,NT,3096402.0,76833522,Northwest Territories,79929924.0
2025-12,YT,914717.0,8553945,Yukon,9468662.0
2025-12,NU,7045728.0,226716,Nunavut,7272444.0
2026-01,ON,35821761990.0,20208776195,Ontario,56030538185.0
2026-01,AB,2733021833.0,15275825569,Alberta,18008847402.0
2026-01,QC,8667558754.0,8146221231,Quebec,16813779985.0
2026-01,BC,6387779167.0,4256009305,British Columbia,10643788472.0
2026-01,SK,1535765199.0,3473569517,Saskatchewan,5009334716.0
2026-01,ZZ,0.0,4447665784,Unspecified (re-exports),4447665784.0
2026-01,MB,2437309596.0,1318439071,Manitoba,3755748667.0
2026-01,NB,1216420893.0,1177708567,New Brunswick,2394129460.0
2026-01,NL,163061660.0,1132788370,Newfoundland & Labrador,1295850030.0
2026-01,NS,696032474.0,462469270,Nova Scotia,1158501744.0
2026-01,PE,5600889.0,225392300,Prince Edward Island,230993189.0
2026-01,NT,0.0,75984495,Northwest Territories,75984495.0
2026-01,NU,0.0,66609349,Nunavut,66609349.0
2026-01,YT,7305761.0,16148172,Yukon,23453933.0
2026-02,ON,39173583556.0,22405897065,Ontario,61579480621.0
2026-02,QC,9172000209.0,8717070034,Quebec,17889070243.0
2026-02,AB,2659353403.0,13489706409,Alberta,16149059812.0
2026-02,BC,6038002441.0,4550850111,British Columbia,10588852552.0
2026-02,SK,1636007853.0,3413347575,Saskatchewan,5049355428.0
2026-02,ZZ,0.0,4273988933,Unspecified (re-exports),4273988933.0
2026-02,MB,2788190325.0,1473064295,Manitoba,4261254620.0
2026-02,NB,1705276786.0,1090465597,New Brunswick,2795742383.0
2026-02,NL,233885122.0,1219005121,Newfoundland & Labrador,1452890243.0
2026-02,NS,947927876.0,495796034,Nova Scotia,1443723910.0
2026-02,PE,15049393.0,188338259,Prince Edward Island,203387652.0
2026-02,NT,0.0,65065503,Northwest Territories,65065503.0
2026-02,YT,3605965.0,19011640,Yukon,22617605.0
2026-02,NU,17140.0,73439,Nunavut,90579.0
2026-03,ON,44844245906.0,27638655608,Ontario,72482901514.0
2026-03,QC,10312701063.0,10342207695,Quebec,20654908758.0
2026-03,AB,3035184046.0,15558768386,Alberta,18593952432.0
2026-03,BC,7237675291.0,4612194184,British Columbia,11849869475.0
2026-03,SK,1850769382.0,4142368990,Saskatchewan,5993138372.0
2026-03,ZZ,0.0,4863891157,Unspecified (re-exports),4863891157.0
2026-03,MB,3077528761.0,1568360813,Manitoba,4645889574.0
2026-03,NB,1671603087.0,1615404065,New Brunswick,3287007152.0
2026-03,NS,1412841498.0,536612000,Nova Scotia,1949453498.0
2026-03,NL,375737468.0,1545561141,Newfoundland & Labrador,1921298609.0
2026-03,PE,19880205.0,205832347,Prince Edward Island,225712552.0
2026-03,NT,0.0,94298657,Northwest Territories,94298657.0
2026-03,YT,15028693.0,15174517,Yukon,30203210.0
2026-03,NU,7687375.0,274774,Nunavut,7962149.0
2026-04,ON,43256764502.0,24811760762,Ontario,68068525264.0
2026-04,AB,3313713575.0,17816172605,Alberta,21129886180.0
2026-04,QC,10068478127.0,9674924476,Quebec,19743402603.0
2026-04,BC,6220716094.0,4567247703,British Columbia,10787963797.0
2026-04,SK,1761425381.0,4408143959,Saskatchewan,6169569340.0
2026-04,ZZ,0.0,4963849744,Unspecified (re-exports),4963849744.0
2026-04,MB,3218514083.0,1535371717,Manitoba,4753885800.0
2026-04,NB,1719990295.0,1981715709,New Brunswick,3701706004.0
2026-04,NL,240213060.0,1889862346,Newfoundland & Labrador,2130075406.0
2026-04,NS,1038218251.0,554096963,Nova Scotia,1592315214.0
2026-04,PE,21069417.0,188076532,Prince Edward Island,209145949.0
2026-04,YT,7251170.0,16778948,Yukon,24030118.0
2026-04,NT,37761.0,1020098,Northwest Territories,1057859.0
2026-04,NU,325365.0,87208,Nunavut,412573.0
2026-05,ON,42524149256.0,24830620583,Ontario,67354769839.0
2026-05,AB,2953502073.0,18174225724,Alberta,21127727797.0
2026-05,QC,10394157548.0,10178708911,Quebec,20572866459.0
2026-05,BC,6859734686.0,5068589056,British Columbia,11928323742.0
2026-05,SK,1786019017.0,4735314848,Saskatchewan,6521333865.0
2026-05,ZZ,0.0,5035280462,Unspecified (re-exports),5035280462.0
2026-05,MB,3244802098.0,1649500137,Manitoba,4894302235.0
2026-05,NB,1741726662.0,2067495384,New Brunswick,3809222046.0
2026-05,NL,291588358.0,1918562463,Newfoundland & Labrador,2210150821.0
2026-05,NS,1274158587.0,646488364,Nova Scotia,1920646951.0
2026-05,PE,13963828.0,240484383,Prince Edward Island,254448211.0
2026-05,YT,9404150.0,20525298,Yukon,29929448.0
2026-05,NU,23916536.0,105737,Nunavut,24022273.0
2026-05,NT,0.0,990039,Northwest Territories,990039.0
